areaName,Borough,areaType,2010-01,2010-02,2010-03,2010-04,2010-05,2010-06,2010-07,2010-08,2010-09,2010-10,2010-11,2010-12,2011-01,2011-02,2011-03,2011-04,2011-05,2011-06,2011-07,2011-08,2011-09,2011-10,2011-11,2011-12,2012-01,2012-02,2012-03,2012-04,2012-05,2012-06,2012-07,2012-08,2012-09,2012-10,2012-11,2012-12,2013-01,2013-02,2013-03,2013-04,2013-05,2013-06,2013-07,2013-08,2013-09,2013-10,2013-11,2013-12,2014-01,2014-02,2014-03,2014-04,2014-05,2014-06,2014-07,2014-08,2014-09,2014-10,2014-11,2014-12,2015-01,2015-02,2015-03,2015-04,2015-05,2015-06,2015-07,2015-08,2015-09,2015-10,2015-11,2015-12,2016-01,2016-02,2016-03,2016-04,2016-05,2016-06,2016-07,2016-08,2016-09,2016-10,2016-11,2016-12,2017-01,2017-02,2017-03,2017-04,2017-05,2017-06,2017-07,2017-08,2017-09,2017-10,2017-11,2017-12,2018-01,2018-02,2018-03,2018-04,2018-05,2018-06,2018-07,2018-08,2018-09,2018-10
All Downtown,Manhattan,submarket,4400.0,4495.0,4400.0,4400.0,4400.0,4295.0,4295.0,4500.0,5000.0,5200.0,5250.0,4998.0,4995.0,5350.0,5145.0,4800.0,4700.0,4618.0,4500.0,4500.0,4775.0,4995.0,4898.0,4795.0,4895.0,4995.0,4950.0,4800.0,4598.0,4750.0,4595.0,4750.0,4838.0,4850.0,4950.0,4800.0,4695.0,4750.0,4900.0,4600.0,4500.0,4500.0,4400.0,4500.0,4595.0,4700.0,5000.0,5000.0,4995.0,4800.0,4790.0,4750.0,4595.0,4500.0,4295.0,4295.0,4495.0,4495.0,4400.0,4450.0,4500.0,4750.0,4750.0,4600.0,4650.0,4495.0,4351.0,4495.0,4800.0,4938.0,5000.0,5000.0,4995.0,4950.0,4900.0,4800.0,4600.0,4750.0,4749.0,4750.0,4800.0,4700.0,4711.0,4595.0,4700.0,4762.0,4675.0,4522.0,4500.0,4295.0,4250.0,4295.0,4500.0,4550.0,4600.0,4695.0,4600.0,4650.0,4650.0,4421.0,4372.0,4295.0,4195.0,4200.0,4450.0,4500.0
All Midtown,Manhattan,submarket,4690.0,4500.0,4500.0,4495.0,4500.0,4500.0,4495.0,4500.0,4700.0,4800.0,4850.0,4975.0,5000.0,5000.0,5000.0,5000.0,4995.0,4995.0,4950.0,4950.0,5000.0,5000.0,5100.0,5000.0,5167.0,5167.0,5295.0,5245.0,5295.0,5450.0,5056.0,5198.0,5125.0,5000.0,4920.0,4800.0,4910.0,5000.0,4950.0,4950.0,4995.0,4900.0,4800.0,4725.0,5000.0,5000.0,5000.0,4995.0,4898.0,4950.0,4950.0,4895.0,4850.0,5000.0,5000.0,4928.0,5000.0,5000.0,5081.0,5000.0,5000.0,5000.0,5100.0,5080.0,5200.0,5100.0,5135.0,5095.0,5080.0,5041.0,5000.0,5095.0,5116.0,5190.0,5085.0,5123.0,5000.0,5000.0,4999.0,4950.0,4999.0,4995.0,4900.0,4900.0,4932.0,5000.0,5000.0,4940.0,4995.0,4950.0,4800.0,4800.0,4975.0,4995.0,4582.0,4595.0,4750.0,4800.0,4750.0,4778.0,4637.0,4750.0,4630.0,4750.0,4745.0,4800.0
All Upper East Side,Manhattan,submarket,3500.0,3650.0,3800.0,3950.0,3965.0,3900.0,3800.0,3700.0,3795.0,3795.0,3950.0,3950.0,3900.0,3888.0,3798.0,3987.0,3895.0,3983.0,3900.0,3850.0,4000.0,3995.0,3993.0,4000.0,4000.0,3995.0,3900.0,3865.0,3750.0,3795.0,3895.0,3700.0,3950.0,3950.0,4095.0,3995.0,4198.0,4100.0,3875.0,3798.0,3600.0,3500.0,3395.0,3500.0,3700.0,3595.0,3875.0,3725.0,3695.0,3925.0,3615.0,3600.0,3550.0,3563.0,3525.0,3300.0,3263.0,3500.0,3750.0,3995.0,4138.0,4000.0,4100.0,3898.0,3700.0,3650.0,3600.0,3695.0,3895.0,3850.0,3600.0,3900.0,3935.0,4200.0,4125.0,3995.0,3750.0,3700.0,3700.0,3500.0,3738.0,3600.0,3700.0,3850.0,3895.0,3995.0,3698.0,3525.0,3595.0,3600.0,3595.0,3742.0,4200.0,3895.0,4200.0,4450.0,4200.0,4195.0,3950.0,3500.0,3500.0,3444.0,3500.0,3500.0,3598.0,3500.0
All Upper Manhattan,Manhattan,submarket,2000.0,1985.0,1950.0,1950.0,1975.0,1975.0,2000.0,2000.0,2000.0,2000.0,2100.0,2000.0,2000.0,2000.0,2200.0,2100.0,2200.0,2300.0,2370.0,2370.0,2373.0,2300.0,2300.0,2300.0,2300.0,2200.0,2225.0,2200.0,2200.0,2200.0,2247.0,2250.0,2275.0,2249.0,2200.0,2150.0,2185.0,2200.0,2285.0,2200.0,2200.0,2200.0,2300.0,2364.0,2400.0,2300.0,2295.0,2200.0,2200.0,2199.0,2200.0,2250.0,2200.0,2200.0,2200.0,2300.0,2300.0,2295.0,2200.0,2200.0,2250.0,2250.0,2250.0,2250.0,2300.0,2350.0,2400.0,2400.0,2400.0,2400.0,2400.0,2350.0,2395.0,2400.0,2400.0,2400.0,2400.0,2350.0,2400.0,2450.0,2455.0,2450.0,2400.0,2400.0,2400.0,2362.0,2400.0,2400.0,2400.0,2410.0,2450.0,2491.0,2495.0,2450.0,2395.0,2395.0,2375.0,2381.0,2395.0,2460.0,2500.0,2500.0,2500.0,2495.0,2475.0,2400.0
All Upper West Side,Manhattan,submarket,4200.0,4100.0,4100.0,4498.0,4500.0,4500.0,3995.0,4000.0,4250.0,4300.0,4250.0,4400.0,4300.0,4500.0,4500.0,4500.0,4750.0,4650.0,4500.0,4600.0,4798.0,4750.0,4950.0,4950.0,4875.0,4750.0,4570.0,4800.0,4800.0,4595.0,4600.0,4750.0,4900.0,4900.0,4925.0,4950.0,4950.0,5000.0,4950.0,4695.0,4695.0,4500.0,4495.0,4438.0,4650.0,4805.0,4700.0,4715.0,4608.0,4600.0,4500.0,4800.0,4995.0,4700.0,4295.0,4350.0,4500.0,4450.0,4450.0,4350.0,4590.0,4575.0,4525.0,4523.0,4500.0,4375.0,4300.0,4463.0,4785.0,4892.0,4998.0,5000.0,4995.0,4995.0,4800.0,4950.0,4878.0,4500.0,4503.0,4552.0,4528.0,4500.0,4615.0,4650.0,4625.0,4700.0,4500.0,4500.0,4500.0,4495.0,4250.0,4217.0,4450.0,4497.0,4500.0,4650.0,4781.0,4891.0,4500.0,4500.0,4500.0,4500.0,4400.0,4500.0,4577.0,4799.0
Alley Park,Queens,neighborhood,,,,,,,,,,,,,,,,,,,,,,,,,,,,,,,,,,,,,,,,,,,,,,,,,,,,,,,,,,,,,,,,,,,,,,,,,,,,,,,,,,,,,,,,,,,,,,,,,,,,,,,,,,
Astoria,Queens,neighborhood,1700.0,1800.0,1800.0,1875.0,1950.0,1907.0,1875.0,2000.0,1798.0,1898.0,1775.0,2000.0,2050.0,2000.0,2150.0,2250.0,2300.0,2000.0,2000.0,2000.0,2150.0,2300.0,2400.0,2600.0,2550.0,2450.0,2225.0,2250.0,2500.0,2500.0,2500.0,2500.0,2425.0,2335.0,2050.0,2100.0,2100.0,2000.0,2000.0,2150.0,2300.0,2300.0,2350.0,2200.0,2200.0,2200.0,2150.0,2125.0,2150.0,2100.0,2100.0,2200.0,2200.0,2200.0,2300.0,2300.0,2300.0,2300.0,2250.0,2200.0,2325.0,2400.0,2350.0,2400.0,2300.0,2300.0,2300.0,2350.0,2393.0,2350.0,2300.0,2300.0,2300.0,2350.0,2400.0,2350.0,2378.0,2400.0,2400.0,2400.0,2399.0,2337.0,2350.0,2375.0,2300.0,2300.0,2300.0,2300.0,2300.0,2350.0,2395.0,2350.0,2300.0,2300.0,2300.0,2300.0,2300.0,2299.0,2299.0,2288.0,2300.0,2299.0,2300.0,2300.0,2300.0,2300.0
Auburndale,Queens,neighborhood,,,,,,,,,,,,,,,,,,,,,,,,,,,,,,,,,,,,,,,,,,,,,,,,,,,,,,,,,,,,,,,,,,,,,,,,,,,,1850.0,,,,,,,,,,,,,,,,,,,,,,,,,,,,,,
Bath Beach,Brooklyn,neighborhood,,,,,,,,,,,,,,,,,,,,,,,,,,,,,,,,,,,,,,,,,,,,,,,,,,,,,,,,,,,,,,,,,,,,,,2000.0,,,,,,,,,,,,,,,,1895.0,1850.0,1775.0,1800.0,1925.0,1925.0,,,,,,,1900.0,1900.0,1948.0,2023.0,1950.0,1900.0,1795.0,1800.0,1799.0
Battery Park City,Manhattan,neighborhood,4615.0,4888.0,4600.0,4975.0,5125.0,5823.0,5595.0,5445.0,5500.0,5400.0,5650.0,5495.0,5450.0,5238.0,5695.0,5695.0,5718.0,5700.0,5648.0,5600.0,5458.0,5713.0,5310.0,5380.0,5500.0,5650.0,5423.0,5800.0,5950.0,6000.0,6250.0,6050.0,5995.0,5995.0,5800.0,6250.0,6250.0,6345.0,6358.0,6500.0,6623.0,6548.0,6173.0,5995.0,6000.0,5950.0,6000.0,6198.0,6148.0,6000.0,6200.0,6000.0,6295.0,6625.0,6295.0,6295.0,6450.0,6373.0,5300.0,5995.0,6000.0,6500.0,6598.0,6698.0,6500.0,6495.0,6750.0,6900.0,6850.0,6675.0,6500.0,6650.0,6650.0,6500.0,6650.0,6500.0,6903.0,6785.0,6600.0,6585.0,6500.0,6500.0,6525.0,6500.0,6898.0,6800.0,6900.0,7078.0,7000.0,6995.0,6915.0,6780.0,6900.0,6500.0,6687.0,6687.0,6200.0,5975.0,6200.0,6900.0,6948.0,6923.0,6900.0,6975.0,6450.0,6450.0
Bay Ridge,Brooklyn,neighborhood,1600.0,1675.0,1625.0,1550.0,,1650.0,1575.0,,1575.0,1600.0,1600.0,1600.0,1500.0,1500.0,1500.0,1500.0,1650.0,1750.0,1800.0,1825.0,1825.0,1799.0,1825.0,,,2050.0,1900.0,1825.0,,,,2325.0,2100.0,1990.0,1950.0,2350.0,2000.0,1900.0,2095.0,2095.0,2000.0,1998.0,2000.0,2000.0,2000.0,1900.0,1900.0,1900.0,2000.0,2000.0,1950.0,1863.0,2000.0,2198.0,2095.0,2048.0,2095.0,2100.0,2100.0,2100.0,2100.0,2100.0,2050.0,2100.0,2100.0,2075.0,2225.0,2200.0,2200.0,2200.0,2063.0,2050.0,2100.0,2195.0,2200.0,2200.0,2200.0,2200.0,2200.0,2285.0,2200.0,2150.0,2200.0,2250.0,2200.0,2150.0,2100.0,2200.0,2200.0,2200.0,2200.0,2050.0,2100.0,2125.0,2150.0,2150.0,2150.0,2100.0,2100.0,2100.0,2100.0,2200.0,2150.0,2150.0,2200.0,2150.0
Baychester,Bronx,neighborhood,,,,,,,,,,,,,,,,,,,,,,,,,,,,,,,,,,,,,,,,,,,,,,,,,,,,,,,,,,,,,,,,,,,,,,,,,,,,,,,,,,,,,,,,,,,,,,,,,,,,,,,,,,
Bayside,Queens,neighborhood,,,,,,,,,,,,,,,,,,,,,,,,,,,,,,,,,,,,,,,,,,,,1825.0,,,,,,,,1850.0,1975.0,2125.0,2125.0,2125.0,2100.0,2100.0,,2175.0,1950.0,1950.0,1950.0,,,,,,,,,,,2200.0,,,,2200.0,,,2200.0,2125.0,2175.0,,2375.0,2400.0,2325.0,,2400.0,2549.0,2625.0,2175.0,2175.0,,2200.0,,,,,,,2250.0,2200.0,2400.0,2275.0,
Bedford Park,Bronx,neighborhood,,,,,,,,,,,,,,,,,,,,,,,,,,,,,,,,,,,,,,,,,,,,,,,,,,,,,,,,1750.0,1569.0,,1700.0,1700.0,1700.0,1700.0,1700.0,,,,1527.0,1575.0,1628.0,,,,,,,1750.0,,,,,1725.0,1725.0,1800.0,,,,,,,,,,,,,,,,,,,,,,,
Bedford-Stuyvesant,Brooklyn,neighborhood,1675.0,1650.0,1600.0,1650.0,1700.0,1600.0,1600.0,1525.0,1525.0,1650.0,1700.0,1700.0,1650.0,1600.0,1550.0,1525.0,1550.0,1700.0,1700.0,1700.0,1700.0,1600.0,1795.0,1700.0,1675.0,1700.0,1850.0,1850.0,1800.0,1713.0,1738.0,1773.0,1800.0,1800.0,1800.0,1975.0,1998.0,2000.0,1950.0,1975.0,2000.0,2000.0,2100.0,2100.0,2025.0,2000.0,2000.0,1995.0,1975.0,1951.0,2000.0,2000.0,2000.0,2100.0,2200.0,2200.0,2200.0,2100.0,2150.0,2197.0,2100.0,2150.0,2200.0,2200.0,2239.0,2297.0,2300.0,2350.0,2300.0,2250.0,2291.0,2250.0,2275.0,2295.0,2295.0,2350.0,2400.0,2400.0,2399.0,2395.0,2395.0,2350.0,2347.0,2300.0,2300.0,2342.0,2300.0,2300.0,2350.0,2350.0,2395.0,2399.0,2350.0,2350.0,2350.0,2300.0,2299.0,2290.0,2305.0,2400.0,2400.0,2400.0,2456.0,2500.0,2520.0,2500.0
Bellerose,Queens,neighborhood,,,,,,,,,,,,,,,,,,,,,,,,,,,,,,,,,,,,,,,,,,,,,,,,,,,,,,,,,,,,,,,,,,,,,,,,,,,,,,,,,,,,,,,,,,,,,,,,,,,,,,,,,,
Belmont,Bronx,neighborhood,,,,,,,,,,,,,,,,,,,,,,,,,,,,,,,,,,1500.0,1600.0,,,,,,,,1363.0,1325.0,1250.0,1250.0,,,,,,,,,,,,1350.0,,,,,,,,,,,1800.0,1738.0,1660.0,,,,,1550.0,,,,,1700.0,,,1680.0,1655.0,1650.0,1695.0,1700.0,1699.0,1690.0,1700.0,1750.0,1750.0,1750.0,1725.0,,1700.0,1650.0,1613.0,1675.0,,1800.0,1800.0,1800.0,1800.0,1800.0
Bensonhurst,Brooklyn,neighborhood,,,,,,,,,,,,,,,,,,,,,,,,,,,,,,,,,,,,,,1500.0,,,,,,,,,,,,,,,,1575.0,1600.0,1695.0,1699.0,1695.0,1650.0,1750.0,1750.0,1750.0,1700.0,1700.0,1700.0,1695.0,1700.0,1700.0,1700.0,1700.0,1763.0,1698.0,1685.0,1688.0,1773.0,,1700.0,1950.0,,2000.0,1875.0,1900.0,1800.0,1750.0,1995.0,1900.0,1825.0,2000.0,1900.0,1875.0,1875.0,,1800.0,1850.0,1800.0,1825.0,1750.0,1773.0,1850.0,1850.0,1995.0,1900.0,1899.0,1893.0,1900.0,1899.0
Bergen Beach,Brooklyn,neighborhood,,,,,,,,,,,,,,,,,,,,,,,,,,,,,,,,,,,,,,,,,,,,,,,,,,,,,,,,,,,,,,,,,,,,,,,,,,,,,,,,,,,,,,,,,,,,,,,,,,,,,,,,,,
Boerum Hill,Brooklyn,neighborhood,3000.0,3000.0,2999.0,2600.0,,3163.0,3163.0,3000.0,3000.0,,,,,3200.0,,3525.0,3750.0,2800.0,2800.0,3200.0,,,3398.0,3898.0,3625.0,3725.0,3175.0,3350.0,3013.0,2850.0,2995.0,,3400.0,3250.0,3250.0,3250.0,,3500.0,2950.0,3425.0,3450.0,3625.0,3275.0,4000.0,4495.0,3690.0,3200.0,3050.0,3200.0,3450.0,3450.0,3600.0,3521.0,3200.0,3400.0,3500.0,3400.0,3250.0,3200.0,3200.0,3200.0,3270.0,3350.0,3200.0,3150.0,3150.0,3400.0,3600.0,3600.0,3263.0,3000.0,3000.0,3000.0,3695.0,3625.0,3750.0,3788.0,3500.0,3688.0,3400.0,3350.0,3300.0,3000.0,3100.0,3075.0,3200.0,3300.0,3077.0,3500.0,3300.0,3666.0,3500.0,3400.0,3350.0,3250.0,3350.0,3340.0,3400.0,3300.0,3485.0,3550.0,3798.0,3600.0,3600.0,3900.0,3850.0
Borough Park,Brooklyn,neighborhood,,,,,,,,,,,,,,,,,,,,,,,,,,,,,,,,,,,,,,,,,,,,,,,,,,1700.0,1825.0,,1700.0,,,1799.0,1750.0,1750.0,1675.0,1700.0,1650.0,1725.0,1800.0,1950.0,1750.0,1900.0,1925.0,1900.0,1925.0,1875.0,1795.0,1825.0,1975.0,1800.0,1750.0,1775.0,1800.0,1900.0,1925.0,1988.0,2250.0,2000.0,1900.0,2050.0,2000.0,1900.0,1850.0,1925.0,1988.0,2000.0,1850.0,2000.0,2099.0,1997.0,1895.0,1800.0,1795.0,,1850.0,1850.0,1850.0,1875.0,1899.0,1925.0,1850.0,1900.0
Bowne Park,Queens,neighborhood,,,,,,,,,,,,,,,,,,,,,,,,,,,,,,,,,,,,,,,,,,,,,,,,,,,,,,,,,,,,,,,,,,,,,,,,,,,,,,,,,,,,,,,,,,,,,,,,,,,,,,,,,,
Briarwood,Queens,neighborhood,,,,,,,,,,,,,,,,,,,,,,,,,,,,,,,,,,,,,,,,,,,,,,,,,,,,,,,,,1795.0,1900.0,,,1875.0,,1900.0,1850.0,1848.0,1913.0,2150.0,1975.0,1975.0,2150.0,2145.0,2145.0,2100.0,2000.0,2145.0,2198.0,2100.0,,1925.0,1925.0,2025.0,2095.0,2148.0,1900.0,1800.0,1899.0,1899.0,1900.0,1899.0,1899.0,1913.0,1995.0,1950.0,1950.0,1899.0,1899.0,1985.0,1924.0,2050.0,2000.0,1899.0,2100.0,2123.0,2000.0,1999.0,1999.0
Brighton Beach,Brooklyn,neighborhood,,,,,,,,,,,,,,,,,,,,,,,,,,,,,,,,,,,,2400.0,,2475.0,1900.0,1825.0,1895.0,2375.0,2500.0,2223.0,2208.0,2200.0,2273.0,2223.0,2245.0,1800.0,2100.0,2342.0,2342.0,2350.0,2375.0,2350.0,2400.0,2350.0,2273.0,1775.0,1873.0,2073.0,2350.0,2400.0,2450.0,2450.0,2450.0,2450.0,2500.0,2400.0,2400.0,2400.0,2395.0,2300.0,2200.0,2240.0,2548.0,2548.0,2498.0,2500.0,2500.0,2350.0,2500.0,2700.0,2600.0,2625.0,2513.0,2500.0,2495.0,2495.0,2599.0,2395.0,2250.0,2299.0,2338.0,2295.0,2250.0,2225.0,2250.0,2295.0,2397.0,2448.0,2550.0,2350.0,2473.0,2497.0
Bronx,Bronx,borough,2100.0,2100.0,2000.0,1950.0,1950.0,1998.0,1975.0,2200.0,1800.0,1550.0,1850.0,1850.0,1850.0,1850.0,2100.0,1825.0,1700.0,1488.0,1775.0,1725.0,1725.0,1700.0,1600.0,1700.0,1750.0,2138.0,1898.0,1800.0,1775.0,1750.0,1750.0,1750.0,1750.0,1700.0,1650.0,1700.0,1600.0,1550.0,1500.0,1650.0,1700.0,1750.0,1750.0,1800.0,1750.0,1500.0,1500.0,1525.0,1550.0,1800.0,1899.0,1850.0,1875.0,1910.0,1800.0,1725.0,1695.0,1600.0,1695.0,1650.0,1665.0,1600.0,1700.0,1700.0,1600.0,1649.0,1695.0,1695.0,1700.0,1700.0,1800.0,1813.0,1800.0,1800.0,1800.0,1750.0,1800.0,1800.0,1800.0,1850.0,1800.0,1775.0,1800.0,1850.0,1800.0,1795.0,1850.0,1850.0,1875.0,1850.0,1850.0,1900.0,1900.0,1885.0,1842.0,1850.0,1900.0,1900.0,1961.0,2017.0,2000.0,2000.0,1950.0,1950.0,1999.0,1995.0
Bronxwood,Bronx,neighborhood,,,,,,,,,,,,,,,,,,,,,,,,,,,,,,,,,,,,,,,,,,,,,,,,,,,,,,,,,,,,,,,,,,,,,,,,,,,,,,,,,,,,,,1695.0,,,,,,,,,,,,,,,,,,,,
Brooklyn,Brooklyn,borough,2374.0,2354.0,2306.0,2300.0,2406.0,2500.0,2550.0,2550.0,2695.0,2650.0,2500.0,2400.0,2300.0,2300.0,2300.0,2350.0,2450.0,2500.0,2500.0,2600.0,2700.0,2650.0,2600.0,2650.0,2650.0,2600.0,2650.0,2700.0,2700.0,2750.0,2700.0,2700.0,2900.0,2900.0,2895.0,2995.0,2750.0,2700.0,2600.0,2650.0,2700.0,2800.0,2700.0,2799.0,2795.0,2700.0,2600.0,2660.0,2600.0,2599.0,2600.0,2650.0,2650.0,2699.0,2650.0,2675.0,2600.0,2600.0,2599.0,2550.0,2550.0,2599.0,2550.0,2500.0,2500.0,2550.0,2600.0,2600.0,2600.0,2500.0,2500.0,2500.0,2599.0,2599.0,2595.0,2600.0,2650.0,2650.0,2621.0,2600.0,2600.0,2550.0,2500.0,2500.0,2500.0,2500.0,2495.0,2500.0,2500.0,2500.0,2500.0,2600.0,2500.0,2500.0,2495.0,2450.0,2400.0,2400.0,2495.0,2499.0,2500.0,2595.0,2600.0,2600.0,2600.0,2500.0
Brooklyn Heights,Brooklyn,neighborhood,3850.0,3900.0,5500.0,4000.0,4000.0,4400.0,3550.0,3500.0,3650.0,3750.0,3850.0,4050.0,4500.0,4500.0,4500.0,4000.0,3850.0,5000.0,5000.0,4000.0,4000.0,4000.0,4800.0,4700.0,4700.0,5000.0,4500.0,4800.0,5000.0,4250.0,3700.0,4250.0,4725.0,4000.0,4500.0,5000.0,3795.0,4000.0,4200.0,4200.0,4000.0,4250.0,4250.0,4200.0,4375.0,4295.0,4444.0,4700.0,4575.0,4400.0,4425.0,4400.0,4300.0,4295.0,4200.0,4500.0,4298.0,4075.0,4000.0,3950.0,4100.0,3800.0,4000.0,4425.0,4360.0,4295.0,4225.0,4710.0,4595.0,4176.0,4273.0,4323.0,4273.0,4225.0,4295.0,4298.0,4425.0,4200.0,4000.0,4200.0,4300.0,4003.0,4075.0,4425.0,4400.0,4200.0,4150.0,4495.0,4495.0,4500.0,4495.0,4578.0,4630.0,4843.0,4398.0,4499.0,4400.0,4500.0,4350.0,4879.0,4225.0,4223.0,4500.0,4788.0,4700.0,4500.0
Brookville,Queens,neighborhood,,,,,,,,,,,,,,,,,,,,,,,,,,,,,,,,,,,,,,,,,,,,,,,,,,,,,,,,,,,,,,,,,,,,,,,,,,,,,,,,,,,,,,,,,,,,,,,,,,,,,,,,,,
Brownsville,Brooklyn,neighborhood,,,,,,,,,,,,,,,,,,,,,,,,,,,,,,,,,,,,,,1475.0,1475.0,,,,,,,,,,,,,,,,,,,,,,,,,1650.0,1625.0,1650.0,1748.0,1700.0,1700.0,1648.0,1600.0,1625.0,1600.0,1615.0,1700.0,1725.0,1700.0,1700.0,1650.0,1650.0,1650.0,1650.0,1650.0,1750.0,1750.0,1725.0,1700.0,1700.0,1750.0,1750.0,1750.0,1713.0,1750.0,1798.0,1800.0,1750.0,1750.0,1750.0,1800.0,1750.0,1795.0,1800.0,1800.0,1813.0,1813.0,1850.0
Bushwick,Brooklyn,neighborhood,,,,1645.0,1575.0,,,,,,,1598.0,1695.0,1695.0,1695.0,1695.0,1695.0,1500.0,1600.0,1500.0,1500.0,,1600.0,1750.0,1600.0,1699.0,1700.0,1675.0,1750.0,1750.0,2000.0,1750.0,1775.0,1750.0,1750.0,1750.0,1950.0,1995.0,2000.0,2200.0,2100.0,2100.0,2100.0,2100.0,2185.0,2200.0,2050.0,2075.0,2073.0,2100.0,2100.0,2185.0,2199.0,2185.0,2200.0,2238.0,2200.0,2200.0,2200.0,2100.0,2150.0,2200.0,2200.0,2250.0,2375.0,2400.0,2300.0,2375.0,2342.0,2295.0,2299.0,2200.0,2300.0,2400.0,2300.0,2300.0,2350.0,2400.0,2399.0,2395.0,2350.0,2300.0,2300.0,2300.0,2280.0,2300.0,2299.0,2300.0,2350.0,2350.0,2350.0,2350.0,2350.0,2345.0,2300.0,2300.0,2271.0,2295.0,2295.0,2350.0,2400.0,2400.0,2490.0,2475.0,2448.0,2400.0
Cambria Heights,Queens,neighborhood,,,,,,,,,,,,,,,,,,,,,,,,,,,,,,,,,,,,,,,,,,,,,,,,,,,,,,,,,,,,,,,,,,,,,,,,,,,,,,,,,,,,,,,,,,,,,,,,,,,,,,,,,,
Canarsie,Brooklyn,neighborhood,,,,,,,,,,,,,,,,,,,,,,,,,,,,,,,,,,,,,,,,,,,,,,,,,,,,,,,,,,,,,,,,,,,,,,1750.0,,,,,,,,,,,1813.0,1800.0,1800.0,,,1800.0,1700.0,,,1800.0,,,,1800.0,1800.0,,,,1800.0,1825.0,1875.0,,,1900.0,,1900.0
Carroll Gardens,Brooklyn,neighborhood,2300.0,2275.0,2300.0,2300.0,2300.0,2375.0,2500.0,2450.0,2600.0,,2300.0,,2900.0,2900.0,,2500.0,3125.0,2350.0,2325.0,2400.0,3300.0,3325.0,3400.0,3350.0,3500.0,2800.0,3000.0,3400.0,3575.0,3600.0,3600.0,4150.0,3651.0,3602.0,3850.0,4150.0,3900.0,3800.0,3800.0,3675.0,3300.0,3200.0,3250.0,3350.0,3000.0,3200.0,3800.0,3600.0,2900.0,2900.0,3000.0,3200.0,3650.0,3200.0,3100.0,3000.0,3500.0,3600.0,3500.0,3250.0,3250.0,2948.0,3250.0,3200.0,3200.0,3350.0,3400.0,3550.0,3500.0,3325.0,3400.0,3300.0,3464.0,3200.0,3275.0,3225.0,3350.0,3200.0,3450.0,3200.0,3000.0,3075.0,3000.0,3050.0,3200.0,3050.0,3050.0,3200.0,3100.0,3208.0,3400.0,3400.0,2900.0,3200.0,3199.0,3000.0,2995.0,3250.0,3250.0,3300.0,3400.0,3250.0,3225.0,3500.0,3399.0,3350.0
Castle Hill,Bronx,neighborhood,,,,,,,,,,,,,,,,,,,,,,,,,,,,,,,,,,,,,,,,,,,,,,,,,,,,,,,,,,,,1750.0,,,,,,,,,,,,,,,,,,,,,1775.0,1775.0,,,1795.0,,,1900.0,,,,,,1900.0,1900.0,1900.0,,,,,,,,1750.0,1750.0,
Central Harlem,Manhattan,neighborhood,2200.0,2150.0,2019.0,2000.0,2000.0,2000.0,2000.0,1995.0,1995.0,2000.0,2000.0,1900.0,1948.0,2000.0,2300.0,2300.0,2395.0,2400.0,2500.0,2500.0,2400.0,2300.0,2400.0,2400.0,2300.0,2400.0,2400.0,2400.0,2595.0,2495.0,2400.0,2500.0,2500.0,2400.0,2400.0,2300.0,2400.0,2400.0,2400.0,2350.0,2300.0,2397.0,2500.0,2595.0,2695.0,2650.0,2699.0,2475.0,2447.0,2500.0,2495.0,2500.0,2450.0,2400.0,2450.0,2500.0,2500.0,2600.0,2500.0,2500.0,2595.0,2600.0,2500.0,2400.0,2450.0,2550.0,2500.0,2500.0,2500.0,2500.0,2500.0,2500.0,2500.0,2500.0,2550.0,2525.0,2500.0,2500.0,2566.0,2600.0,2600.0,2600.0,2550.0,2512.0,2500.0,2500.0,2500.0,2550.0,2500.0,2500.0,2600.0,2700.0,2658.0,2550.0,2595.0,2595.0,2625.0,2613.0,2613.0,2750.0,2750.0,2793.0,2750.0,2850.0,2795.0,2600.0
Central Park South,Manhattan,neighborhood,11500.0,10000.0,10000.0,11000.0,11000.0,11000.0,12000.0,11000.0,12500.0,11250.0,12500.0,11500.0,11500.0,12000.0,12000.0,12000.0,12500.0,12500.0,12250.0,10500.0,12500.0,,10500.0,10750.0,10000.0,10250.0,10000.0,10875.0,11000.0,10750.0,10250.0,10250.0,8825.0,8900.0,9500.0,8900.0,10350.0,10000.0,10000.0,10000.0,10425.0,10175.0,10750.0,11550.0,11250.0,10425.0,11725.0,11995.0,11450.0,10500.0,11998.0,14000.0,14250.0,14000.0,12750.0,12950.0,12900.0,12625.0,12500.0,12500.0,12500.0,11300.0,11300.0,10500.0,11300.0,12700.0,12000.0,12000.0,11300.0,11500.0,10500.0,10500.0,10500.0,10500.0,11300.0,11900.0,10000.0,9750.0,10000.0,9750.0,9500.0,9250.0,9500.0,9500.0,9500.0,9500.0,9596.0,9500.0,9596.0,9500.0,9475.0,9940.0,10500.0,9940.0,10240.0,9800.0,9850.0,9650.0,9700.0,9500.0,9500.0,9500.0,9900.0,10789.0,11077.0,10225.0
Central Queens,Queens,submarket,2000.0,1800.0,1950.0,2000.0,1550.0,1550.0,1550.0,1550.0,1575.0,1550.0,1550.0,1550.0,1550.0,1550.0,1875.0,2050.0,2050.0,2050.0,2023.0,1988.0,2323.0,2398.0,2225.0,2200.0,2100.0,2530.0,2530.0,2530.0,1900.0,2000.0,2100.0,2188.0,2050.0,2292.0,2150.0,2263.0,2075.0,2150.0,2150.0,2163.0,2292.0,2344.0,2271.0,2050.0,2000.0,2095.0,2000.0,2000.0,2000.0,2000.0,2025.0,2100.0,2100.0,2100.0,2150.0,2200.0,2185.0,2100.0,2200.0,2200.0,2100.0,2150.0,2100.0,2150.0,2200.0,2195.0,2150.0,2150.0,2150.0,2150.0,2175.0,2175.0,2150.0,2200.0,2150.0,2156.0,2200.0,2200.0,2250.0,2253.0,2250.0,2200.0,2200.0,2200.0,2200.0,2200.0,2200.0,2200.0,2200.0,2200.0,2250.0,2300.0,2250.0,2200.0,2200.0,2200.0,2200.0,2150.0,2195.0,2150.0,2200.0,2255.0,2300.0,2300.0,2250.0,2250.0
Chelsea,Manhattan,neighborhood,4900.0,5500.0,5500.0,5495.0,5473.0,5498.0,4723.0,5208.0,5500.0,5863.0,5700.0,5500.0,5700.0,6000.0,5500.0,5663.0,5500.0,5875.0,5800.0,5500.0,6248.0,6500.0,5950.0,5925.0,5895.0,6395.0,6325.0,6000.0,5977.0,6000.0,5995.0,6120.0,6200.0,6062.0,6705.0,6000.0,5600.0,5313.0,5695.0,5845.0,6000.0,5797.0,5500.0,5300.0,5500.0,5595.0,5495.0,5623.0,5500.0,5713.0,5998.0,5900.0,5878.0,6400.0,6000.0,6000.0,5950.0,5713.0,6020.0,6200.0,6350.0,6330.0,6500.0,6450.0,6300.0,6100.0,6198.0,6450.0,6300.0,6379.0,6298.0,6363.0,6290.0,6227.0,6500.0,6505.0,6495.0,6296.0,6214.0,6150.0,5995.0,5948.0,5865.0,5900.0,5750.0,5663.0,5778.0,5805.0,5544.0,5681.0,5695.0,5625.0,5800.0,5746.0,5925.0,5623.0,5570.0,5950.0,5904.0,5700.0,6200.0,5844.0,5625.0,5500.0,6290.0,6021.0
Chinatown,Manhattan,neighborhood,,,,,2250.0,2200.0,2250.0,,3500.0,2300.0,2350.0,2750.0,2750.0,2500.0,2700.0,,,,3600.0,2650.0,3025.0,2450.0,2400.0,,,,2950.0,3100.0,2425.0,2450.0,2700.0,3400.0,,,2325.0,2355.0,2750.0,2475.0,2600.0,2638.0,3600.0,2898.0,2450.0,,,3395.0,2850.0,2800.0,2800.0,2675.0,2500.0,2500.0,2950.0,3575.0,3400.0,3000.0,3500.0,3500.0,3550.0,3550.0,2898.0,3550.0,3600.0,3600.0,3275.0,2825.0,2775.0,2850.0,2700.0,2700.0,2750.0,3275.0,3600.0,2725.0,3095.0,3300.0,3100.0,3223.0,3100.0,3100.0,2800.0,2950.0,3100.0,3198.0,3449.0,3500.0,3299.0,3175.0,3474.0,3000.0,2900.0,3000.0,2950.0,2750.0,2800.0,2773.0,2700.0,2800.0,2858.0,2895.0,3000.0,2975.0,3000.0,2984.0,2900.0,2663.0
City Island,Bronx,neighborhood,,,,,,,,,,,,,,,,,,,,,,,,,,,,,,,,,,,,,,,,,,,,,,,,,,,,,,,,,,,,,,,,,,,,,,,,,,,,,,,,,,,,,,,,,,,,,,,,,,,,,,,,,,
Civic Center,Manhattan,neighborhood,,,,,,,,,,,,,,,,,,,,,,,,,,,,,,,,,,,,,,,,,,,,,,,,,,,,,,,,,,,,,,,,,,,,,,,,,,,,,,,,,,,,,,,,,,,,,,,,,,,,,,,,,,
Clearview,Queens,neighborhood,,,,,,,,,,,,,,,,,,,,,,,,,,,,,,,,,,,,,,,,,,,,,,,,,,,,,,,,,,,,,,,,,,,,,,,,,,,,,,,,,,,,,,,,,,,,,,,,,,,,,,,,,,
Clinton Hill,Brooklyn,neighborhood,2240.0,2240.0,2125.0,2125.0,2350.0,2150.0,2000.0,2150.0,2500.0,2500.0,2350.0,2300.0,2439.0,2415.0,2495.0,2425.0,2571.0,2536.0,2500.0,2525.0,2500.0,2675.0,2600.0,2650.0,2775.0,2788.0,3000.0,3000.0,2800.0,2825.0,2900.0,3250.0,3300.0,3225.0,3424.0,3400.0,2775.0,2875.0,2650.0,2790.0,2850.0,3100.0,2750.0,2750.0,2700.0,2895.0,2800.0,2798.0,2795.0,2700.0,2700.0,2825.0,2800.0,2800.0,2875.0,2963.0,2825.0,2707.0,2650.0,2760.0,2700.0,2750.0,2750.0,2800.0,2768.0,2800.0,2800.0,2863.0,2850.0,2800.0,2750.0,2800.0,2800.0,2800.0,2800.0,2800.0,2800.0,2745.0,2750.0,2700.0,2775.0,2800.0,2800.0,2723.0,2750.0,2745.0,2650.0,2600.0,2650.0,2698.0,2844.0,2700.0,2980.0,2995.0,2944.0,2985.0,3013.0,3100.0,2990.0,2975.0,3025.0,3000.0,3000.0,3106.0,3175.0,3150.0
Co-op City,Bronx,neighborhood,,,,,,,,,,,,,,,,,,,,,,,,,,,,,,,,,,,,,,,,,,,,,,,,,,,,,,,,,,,,,,,,,,,,,,,,,,,,,,,,,,,,,,,,,,,,,,,,,,,,,,,,,,
Cobble Hill,Brooklyn,neighborhood,,,,3245.0,3350.0,,2700.0,2600.0,,3425.0,3125.0,,,,,2963.0,3125.0,2975.0,3000.0,3200.0,,3513.0,3200.0,4000.0,4000.0,3400.0,3400.0,2925.0,3000.0,3500.0,3595.0,3830.0,3515.0,3965.0,4150.0,3665.0,3830.0,4200.0,4200.0,3250.0,3400.0,4480.0,4200.0,4000.0,3500.0,4125.0,4125.0,3300.0,3300.0,3550.0,3960.0,3920.0,3500.0,3920.0,3500.0,3350.0,3500.0,3600.0,3225.0,3450.0,3400.0,3400.0,3495.0,3525.0,3600.0,3600.0,3600.0,3600.0,3600.0,3700.0,3450.0,3600.0,3700.0,3500.0,3500.0,3500.0,3800.0,3575.0,3500.0,3540.0,3500.0,3500.0,3348.0,3125.0,3473.0,3343.0,3250.0,3400.0,3575.0,3300.0,3500.0,3600.0,3798.0,3798.0,3750.0,4057.0,3663.0,3500.0,3350.0,3300.0,3265.0,3404.0,3950.0,3895.0,3800.0,3400.0
College Point,Queens,neighborhood,,,,,,,,,,,,,,,,,,,,,,,,,,,,,,,,,,,,,,,,,,,,,,,,,,,,,,,,,,,,,,,,,,,,,,,,,,,,,,,,,,,,,,,,,,,,,,,,,,,,,,,,,,
Columbia St Waterfront District,Brooklyn,neighborhood,,,,,,,,,,,,,,2200.0,2200.0,2200.0,2200.0,,,,,,,,,2600.0,,,,2600.0,2600.0,2550.0,,,,,,,,3000.0,,,2700.0,3350.0,2600.0,2500.0,2775.0,2500.0,2825.0,2725.0,2800.0,2800.0,2850.0,2800.0,3075.0,2900.0,,,2900.0,3150.0,3150.0,2800.0,3125.0,3000.0,3000.0,2850.0,2875.0,2800.0,2950.0,2950.0,2950.0,3000.0,2950.0,2950.0,3000.0,3000.0,3500.0,3050.0,3100.0,2950.0,2950.0,2950.0,3000.0,3199.0,2964.0,3050.0,3125.0,3150.0,3050.0,2975.0,3000.0,3000.0,2875.0,2887.0,2800.0,2790.0,2750.0,2750.0,,2725.0,3150.0,3200.0,3300.0,3000.0,2999.0,2900.0
Concourse,Bronx,neighborhood,,,,,,,,,,,,,,,,,,,,,,,,,,,,,,,,,,,,,,,,,,,,,,,,,,,,,,,1595.0,1550.0,1695.0,1595.0,1673.0,,,,,,1600.0,1648.0,1648.0,1650.0,1667.0,1600.0,1675.0,1675.0,1700.0,1775.0,1698.0,1695.0,1698.0,1700.0,1700.0,1700.0,1775.0,1725.0,1700.0,1775.0,1650.0,1675.0,1999.0,1800.0,1700.0,1750.0,1750.0,1750.0,1949.0,1925.0,2000.0,1799.0,,1950.0,1850.0,1995.0,2000.0,,1950.0,1985.0,1975.0,1875.0
Coney Island,Brooklyn,neighborhood,,,,,,,,,,,,,,,,,,,,,,,,,,,,,,,,,,2125.0,,,,,,2175.0,2050.0,,2073.0,,,,2085.0,,,,,,,,,,2325.0,2100.0,,2100.0,2025.0,2025.0,2195.0,2066.0,2000.0,2066.0,2000.0,1997.0,2321.0,2500.0,2450.0,2375.0,2075.0,2150.0,2400.0,2275.0,2300.0,2400.0,2399.0,2200.0,2300.0,2300.0,2325.0,2500.0,2500.0,2450.0,2350.0,2399.0,2250.0,2400.0,2150.0,2275.0,2250.0,2375.0,2350.0,2450.0,,,2400.0,2325.0,2300.0,2300.0,2300.0,2350.0,2395.0,2750.0
Corona,Queens,neighborhood,,,,,1550.0,1550.0,1550.0,1550.0,1550.0,1550.0,1550.0,1550.0,1550.0,1550.0,,,,,,,,,,,,,,,,,,,,,,,,,,,,,,,,,,,,,,,1900.0,,,,,,,,,,,,,,,,2200.0,2200.0,2110.0,2095.0,,,2235.0,2288.0,,,2323.0,2280.0,2265.0,2265.0,2238.0,2235.0,2280.0,,2240.0,2253.0,2195.0,2150.0,2200.0,,,,2300.0,2283.0,2330.0,2208.0,2273.0,,,,2343.0,,,
Country Club,Bronx,neighborhood,,,,,,,,,,,,,,,,,,,,,,,,,,,,,,,,,,,,,,,,,,,,,,,,,,,,,,,,,,,,,,,,,,,,,,,,,,,,,,,,,,,,,,,,,,,,,,,,,,,,,,,,,,
Crotona Park East,Bronx,neighborhood,,,,,,,,,,,,,,,,,,,,,,,,,,,,,,,,,,,,,,,,,,,,,,,,,,,,,,,,,,,,,,,,,,,,,,,,,,,,,,,,,,,,,,,,,,,,,,,,,,,,,,,,,,
Crown Heights,Brooklyn,neighborhood,2000.0,2000.0,1950.0,1888.0,1885.0,1838.0,1838.0,1500.0,1500.0,1575.0,1725.0,1725.0,1738.0,1750.0,1750.0,1795.0,1850.0,1900.0,1900.0,1775.0,1900.0,1800.0,1850.0,1800.0,1950.0,2000.0,2100.0,1988.0,1938.0,2000.0,1900.0,1938.0,1980.0,1988.0,2100.0,1950.0,2200.0,2200.0,2200.0,2400.0,2300.0,2200.0,2067.0,2000.0,2250.0,2275.0,2200.0,2100.0,2009.0,1998.0,2000.0,2150.0,2300.0,2300.0,2300.0,2200.0,2200.0,2100.0,2100.0,2100.0,2100.0,2100.0,2198.0,2250.0,2200.0,2230.0,2300.0,2300.0,2300.0,2300.0,2200.0,2200.0,2200.0,2250.0,2350.0,2353.0,2350.0,2400.0,2399.0,2395.0,2300.0,2299.0,2250.0,2200.0,2200.0,2248.0,2250.0,2245.0,2300.0,2350.0,2350.0,2450.0,2400.0,2375.0,2399.0,2312.0,2295.0,2300.0,2350.0,2350.0,2350.0,2399.0,2413.0,2400.0,2450.0,2396.0
DUMBO,Brooklyn,neighborhood,4348.0,4650.0,3400.0,4198.0,4198.0,4350.0,4200.0,4498.0,4500.0,4398.0,4300.0,4300.0,4398.0,4598.0,4900.0,4975.0,4700.0,4700.0,4700.0,4700.0,4275.0,4250.0,4600.0,4450.0,4900.0,4825.0,5125.0,5225.0,4500.0,4500.0,4550.0,4613.0,4600.0,4800.0,4600.0,4000.0,5000.0,5995.0,6098.0,6050.0,5300.0,5400.0,5200.0,5000.0,5100.0,4973.0,4850.0,4850.0,4800.0,4800.0,4800.0,4910.0,4910.0,5000.0,5190.0,5263.0,5000.0,5300.0,5300.0,5500.0,5500.0,5500.0,5499.0,5430.0,5123.0,5355.0,5500.0,5495.0,5500.0,5500.0,5630.0,5392.0,5500.0,5467.0,5300.0,5200.0,5500.0,5500.0,5346.0,5450.0,5350.0,5380.0,5396.0,5485.0,5495.0,5498.0,5495.0,5475.0,5655.0,5628.0,5500.0,5571.0,5595.0,5471.0,5163.0,4995.0,5000.0,5500.0,5839.0,6180.0,5995.0,5695.0,5798.0,5798.0,5383.0,5119.0
Ditmas Park,Brooklyn,neighborhood,,,,,,,,,,,,,,1573.0,1600.0,1600.0,,1800.0,1800.0,1800.0,,1825.0,,,,1900.0,,1938.0,,,1850.0,1775.0,1850.0,1850.0,,1775.0,1800.0,,,,2250.0,1950.0,2000.0,1975.0,1975.0,1950.0,2000.0,2000.0,1950.0,1850.0,1850.0,1875.0,1900.0,1950.0,1900.0,2200.0,2300.0,2300.0,1985.0,1910.0,1975.0,1920.0,1900.0,1950.0,2000.0,2000.0,2100.0,2200.0,2175.0,2100.0,2050.0,2195.0,2000.0,1950.0,2000.0,1998.0,2000.0,2100.0,2250.0,2050.0,2199.0,2050.0,2050.0,2000.0,2000.0,2100.0,2050.0,2100.0,2000.0,2000.0,2100.0,2250.0,2261.0,2300.0,2275.0,2275.0,2300.0,2250.0,2350.0,2273.0,2095.0,2199.0,2475.0,2500.0,2299.0,2250.0
Douglaston,Queens,neighborhood,,,,,,,,,,,,,,,,,,,,,,,,,,,,,,,,,,,,,,,,,,,,,,,,,,,,,,,,,,,,,,,,,,,,,,,,,,,,,,,,,,,,,,,,,,,,,,,,,,,,,,,,,,
Downtown Brooklyn,Brooklyn,neighborhood,2400.0,2400.0,2476.0,2400.0,2488.0,2881.0,2893.0,3200.0,3369.0,3050.0,3025.0,3250.0,3500.0,3350.0,3350.0,3000.0,2853.0,2938.0,3019.0,3041.0,3175.0,3129.0,3156.0,3100.0,3000.0,3071.0,3094.0,3071.0,3229.0,3227.0,3323.0,3202.0,3202.0,3300.0,3386.0,3463.0,3451.0,3600.0,4095.0,4100.0,4050.0,3858.0,3800.0,3800.0,3695.0,3560.0,3595.0,3684.0,3700.0,3750.0,3885.0,3700.0,4003.0,4055.0,3945.0,4120.0,3925.0,4258.0,4200.0,4058.0,4023.0,4250.0,4355.0,4395.0,4510.0,4535.0,4300.0,4437.0,4180.0,4154.0,4029.0,4019.0,4028.0,3969.0,3995.0,3960.0,3690.0,3695.0,3950.0,4095.0,4170.0,4092.0,3995.0,3991.0,3986.0,3991.0,4115.0,4124.0,4311.0,4308.0,4399.0,4188.0,4066.0,4059.0,4075.0,4075.0,4101.0,4010.0,4056.0,4138.0,4450.0,4881.0,4785.0,4687.0,4540.0,4308.0
Dyker Heights,Brooklyn,neighborhood,,,,,,,,,,,,,,,,,,,,,,,,,,,,,,,,,,,,,,,,,,,,,,,,,,,,,,,,,,2200.0,2200.0,2025.0,2200.0,2200.0,2000.0,2000.0,1925.0,2100.0,1895.0,1950.0,1975.0,1850.0,1850.0,1825.0,2025.0,2050.0,2000.0,2150.0,1950.0,1950.0,1995.0,2195.0,2198.0,1950.0,2000.0,2000.0,2000.0,2000.0,1950.0,1975.0,1999.0,1900.0,1900.0,,1813.0,1800.0,1737.0,,2098.0,2000.0,1820.0,1999.0,2000.0,1850.0,1950.0,2000.0,1925.0,2000.0
East Brooklyn,Brooklyn,submarket,1700.0,1700.0,1650.0,1700.0,1700.0,1650.0,1600.0,1500.0,1500.0,1600.0,1650.0,1695.0,1695.0,1695.0,1695.0,1695.0,1695.0,1750.0,1800.0,1700.0,1700.0,1650.0,1700.0,1723.0,1700.0,1750.0,1800.0,1800.0,1800.0,1750.0,1800.0,1800.0,1800.0,1800.0,1800.0,1900.0,2000.0,1997.0,1950.0,2000.0,2075.0,2000.0,2100.0,2095.0,2100.0,2150.0,2000.0,2000.0,2000.0,1975.0,2000.0,2064.0,2100.0,2195.0,2200.0,2200.0,2200.0,2100.0,2150.0,2100.0,2100.0,2100.0,2200.0,2200.0,2250.0,2300.0,2300.0,2300.0,2300.0,2260.0,2250.0,2200.0,2232.0,2300.0,2300.0,2300.0,2350.0,2400.0,2395.0,2375.0,2350.0,2300.0,2299.0,2295.0,2250.0,2299.0,2275.0,2295.0,2300.0,2323.0,2350.0,2395.0,2350.0,2349.0,2314.0,2300.0,2290.0,2290.0,2300.0,2350.0,2399.0,2400.0,2450.0,2463.0,2475.0,2400.0
East Elmhurst,Queens,neighborhood,,,,,,,,,,,,,,,,,,,,,,,,,,,,,,,,,,,,,,,,,,,,,,,,,,,,,,,,,,,,,,,,,,,,,,,,,,,,,,,,,,,,,,,,,,,,,,,,,,,,,,,,,,
East Flatbush,Brooklyn,neighborhood,,,,,,,,,,,,,,,,,,,,,,,,,,,,,,,,,,,,,,,,,,,,1575.0,,,1673.0,1650.0,1600.0,1600.0,1525.0,1550.0,1650.0,1650.0,1750.0,1538.0,1400.0,1400.0,1400.0,1400.0,1400.0,1450.0,1550.0,1595.0,1795.0,1795.0,1850.0,1898.0,2000.0,1895.0,1800.0,1800.0,1800.0,1873.0,1798.0,1795.0,1795.0,1795.0,1850.0,1900.0,1900.0,1900.0,1850.0,1850.0,1900.0,1987.0,2000.0,1950.0,1900.0,1995.0,2000.0,2087.0,1995.0,1963.0,2000.0,2090.0,2100.0,2100.0,2050.0,2000.0,2000.0,2000.0,2025.0,2100.0,2150.0,2050.0
East Harlem,Manhattan,neighborhood,1975.0,1975.0,2000.0,2000.0,1975.0,1975.0,2248.0,2295.0,2395.0,2395.0,2429.0,2300.0,2175.0,2200.0,2225.0,2000.0,2000.0,2195.0,2050.0,1990.0,2100.0,2100.0,1995.0,2125.0,2300.0,2366.0,2300.0,2200.0,2200.0,2195.0,2250.0,2250.0,2298.0,2325.0,2350.0,2400.0,2400.0,2400.0,2495.0,2475.0,2400.0,2455.0,2500.0,2400.0,2381.0,2200.0,2200.0,2190.0,2199.0,2250.0,2366.0,2350.0,2350.0,2285.0,2200.0,2200.0,2250.0,2200.0,2200.0,2200.0,2200.0,2300.0,2299.0,2400.0,2400.0,2400.0,2438.0,2400.0,2399.0,2455.0,2455.0,2400.0,2400.0,2450.0,2400.0,2455.0,2500.0,2500.0,2500.0,2500.0,2500.0,2495.0,2500.0,2513.0,2583.0,2600.0,2595.0,2600.0,2500.0,2500.0,2500.0,2500.0,2500.0,2500.0,2450.0,2475.0,2450.0,2450.0,2450.0,2400.0,2493.0,2495.0,2495.0,2463.0,2498.0,2495.0
East New York,Brooklyn,neighborhood,,,,,,,,,,,,,,,,,,,,,,,,,,,,,,,,,,,,,1348.0,1345.0,1350.0,,,,1400.0,1375.0,,1350.0,1350.0,1350.0,1350.0,1400.0,1498.0,1575.0,1550.0,1600.0,1514.0,1532.0,1600.0,1600.0,,1550.0,1600.0,1573.0,1575.0,1600.0,1600.0,1575.0,1688.0,1625.0,1675.0,1685.0,1675.0,1650.0,1675.0,1700.0,1700.0,1700.0,1725.0,1750.0,1825.0,1800.0,1799.0,1799.0,1800.0,1800.0,1800.0,1800.0,1800.0,1800.0,1850.0,1850.0,1850.0,1825.0,1795.0,1825.0,1800.0,1800.0,1850.0,1850.0,1850.0,1900.0,1900.0,1925.0,1900.0,1900.0,1958.0,1900.0
East Tremont,Bronx,neighborhood,,,,,,,,,,,,,,,,,,,,,,,,,,,,,,,,,,,,,,,,,,,,,,,,,,,,,,,,,,,,,,,,,,,,,1675.0,,,,,,,,,,,,,,,,,,,,,,,,,,,,,,,,,,,,,
East Village,Manhattan,neighborhood,2900.0,2975.0,2995.0,2900.0,2800.0,2800.0,2800.0,2950.0,3495.0,3075.0,3000.0,2995.0,3075.0,2995.0,3150.0,3025.0,3100.0,3000.0,3098.0,3348.0,3550.0,3500.0,3773.0,3500.0,3495.0,3495.0,3495.0,3495.0,3495.0,3495.0,3273.0,3395.0,3400.0,3500.0,3500.0,3525.0,3695.0,3633.0,3633.0,3300.0,3450.0,3400.0,3300.0,3300.0,3300.0,3360.0,3400.0,3395.0,3395.0,3395.0,3500.0,3495.0,3400.0,3400.0,3495.0,3495.0,3498.0,3500.0,3400.0,3500.0,3500.0,3500.0,3500.0,3500.0,3500.0,3490.0,3400.0,3450.0,3425.0,3483.0,3400.0,3338.0,3495.0,3450.0,3595.0,3625.0,3590.0,3599.0,3595.0,3550.0,3495.0,3495.0,3500.0,3477.0,3438.0,3495.0,3500.0,3595.0,3600.0,3500.0,3497.0,3450.0,3333.0,3300.0,3285.0,3398.0,3462.0,3600.0,3550.0,3595.0,3600.0,3600.0,3550.0,3600.0,3590.0,3598.0
Eastchester,Bronx,neighborhood,,,,,,,,,,,,,,,,,,,,,,,,,,,,,,,,,,,,,,,,,,,,,,,,,,,,,,,,,,,,,,,,,,,,,,,,,,,,,,,,,,,,,,,,,,,,,,,,,,,,,,,,,,
Edenwald,Bronx,neighborhood,,,,,,,,,,,,,,,,,,,,,,,,,,,,,,,,,,,,,,,,,,,,,,,,,,,,,,,,,,,,,,,,,,,,,,,,,,,,,,,,,,,,,,,,,,,,,,,,,,,,,,,,,,
Elmhurst,Queens,neighborhood,,,,,,,,,,,,,,,,,,,,,,,,,,,,,,,,,,2300.0,,,,,2200.0,,,,,,,,,,,,,2350.0,2525.0,1950.0,2075.0,2150.0,2165.0,,,,,2000.0,1975.0,2375.0,2238.0,2100.0,2095.0,2150.0,2073.0,2175.0,2399.0,2073.0,2098.0,2350.0,2395.0,2300.0,2463.0,2200.0,2325.0,2000.0,1978.0,2050.0,1995.0,2050.0,2300.0,2175.0,2150.0,2150.0,2200.0,2200.0,2200.0,2155.0,2198.0,2155.0,2155.0,2155.0,1950.0,1950.0,1935.0,2050.0,2050.0,2000.0,2154.0,2150.0,2300.0,2130.0
Financial District,Manhattan,neighborhood,4375.0,4475.0,4050.0,4300.0,4500.0,4358.0,4695.0,4600.0,4676.0,4500.0,4675.0,4474.0,4825.0,5363.0,5263.0,5345.0,5200.0,5215.0,5093.0,4698.0,4565.0,4500.0,4500.0,4495.0,4550.0,4793.0,4950.0,5100.0,4925.0,4800.0,4800.0,4875.0,4950.0,4800.0,4950.0,4875.0,4795.0,4950.0,4868.0,4795.0,4500.0,4600.0,4995.0,4998.0,4835.0,4595.0,4895.0,4795.0,4895.0,4895.0,4927.0,4995.0,5000.0,5314.0,5000.0,5115.0,5250.0,5084.0,4995.0,5050.0,5450.0,5500.0,5457.0,5750.0,5695.0,5350.0,5100.0,5195.0,5285.0,5100.0,5090.0,5400.0,5430.0,5442.0,5446.0,5500.0,5400.0,5450.0,5500.0,5298.0,5295.0,5169.0,5000.0,5141.0,5218.0,5295.0,5163.0,5316.0,5455.0,5475.0,5450.0,5300.0,5000.0,4924.0,4936.0,4990.0,4950.0,5030.0,4998.0,4700.0,5369.0,5360.0,5421.0,5265.0,5233.0,5400.0
Flatbush,Brooklyn,neighborhood,,,,,,,,,,,,,,,,2050.0,2100.0,2050.0,1600.0,,,,,,,,,,,,,,,,,,,,1548.0,1450.0,1600.0,1708.0,1708.0,1823.0,1823.0,1850.0,1925.0,1750.0,1750.0,1800.0,1743.0,1600.0,1613.0,1798.0,1888.0,1800.0,1800.0,1800.0,1800.0,1800.0,1800.0,1800.0,1850.0,1900.0,1900.0,1900.0,1950.0,1900.0,1900.0,1900.0,1900.0,1900.0,1900.0,1900.0,1897.0,2000.0,1975.0,1997.0,1997.0,2000.0,1995.0,1998.0,1999.0,1900.0,1900.0,1900.0,1925.0,1950.0,1975.0,2000.0,2099.0,2100.0,2099.0,2050.0,2000.0,1990.0,2050.0,2100.0,2100.0,2095.0,2050.0,2100.0,2100.0,2195.0,2200.0,2200.0
Flatiron,Manhattan,neighborhood,5900.0,5729.0,5995.0,5729.0,6875.0,6500.0,5895.0,5995.0,5975.0,6050.0,6500.0,6800.0,6925.0,7200.0,7000.0,6400.0,6550.0,6700.0,6800.0,6000.0,6000.0,6500.0,6823.0,6595.0,6500.0,7000.0,7338.0,6650.0,6200.0,6500.0,6600.0,6825.0,6775.0,6850.0,6873.0,6895.0,6983.0,6500.0,6500.0,6595.0,6600.0,7198.0,7000.0,7195.0,7373.0,7464.0,7116.0,6972.0,6847.0,6532.0,6868.0,7700.0,7725.0,7690.0,7500.0,7428.0,7240.0,7240.0,6995.0,6995.0,7200.0,7348.0,7500.0,7500.0,7985.0,7710.0,7719.0,7785.0,7500.0,7632.0,7500.0,7500.0,7500.0,7270.0,7075.0,7147.0,6653.0,7263.0,6998.0,7098.0,7300.0,7000.0,7000.0,7000.0,7079.0,7498.0,7350.0,7500.0,7373.0,7309.0,6551.0,6948.0,6995.0,6995.0,7498.0,7668.0,7085.0,7190.0,7435.0,7400.0,7500.0,7500.0,7226.0,7329.0,7072.0,7650.0
Flatlands,Brooklyn,neighborhood,,,,,,,,,,,,,,,,,,,,,,,,,,,,,,,,,,,,,,,,,,,,,,,,,,,,,,,,,,,,,,,,,,,,,,,,,,,,,,,,,,,,,,,,,,,,,,,,,,,,,,,,,,
Floral Park,Queens,neighborhood,,,,,,,,,,,,,,,,,,,,,,,,,,,,,,,,,,,,,,,,,,,,,,,,,,,,,,,,,,,,,,,,,,,,,,,,,,,,,,,,,,,,,,,,,,,,,,,,,,,,,,,,,,
Flushing,Queens,neighborhood,,,,,,,,,,,,,,,,,1750.0,,,,,,,,,,,,1665.0,,1658.0,1665.0,1688.0,,1850.0,,1598.0,1650.0,1850.0,1795.0,1798.0,1850.0,2150.0,2000.0,2000.0,2000.0,,2025.0,2050.0,2400.0,1950.0,1950.0,1950.0,1975.0,2123.0,2175.0,2000.0,2118.0,2100.0,2100.0,2050.0,2050.0,1973.0,2150.0,2100.0,2000.0,2000.0,2100.0,2125.0,2050.0,2090.0,2095.0,2100.0,2125.0,2250.0,2175.0,2250.0,2270.0,2283.0,2250.0,2100.0,2250.0,2150.0,2200.0,2250.0,2250.0,2225.0,2250.0,2298.0,2400.0,2500.0,2395.0,2325.0,2325.0,2108.0,2100.0,2288.0,2300.0,2300.0,2300.0,2300.0,2297.0,2313.0,2395.0,2173.0,2275.0
Fordham,Bronx,neighborhood,,,,,,,,,,,,,,,,,,,,,,,,,,,,,,,,,,,,,,,,,,,,,,,,,,,,,,,,,,,,1375.0,,,,,,,1500.0,1525.0,1463.0,1450.0,1600.0,1650.0,,,1700.0,1595.0,1625.0,1650.0,1650.0,,,,1700.0,,1650.0,1650.0,1700.0,,1750.0,1900.0,1960.0,,2050.0,,,,,1747.0,,1800.0,1850.0,,1900.0,1900.0,1900.0,
Forest Hills,Queens,neighborhood,2100.0,2100.0,2100.0,2100.0,2050.0,2100.0,2050.0,2100.0,2100.0,2075.0,2050.0,1998.0,1995.0,2100.0,2100.0,2200.0,2450.0,2550.0,2350.0,2450.0,2500.0,2500.0,2410.0,2385.0,2350.0,2395.0,2295.0,2298.0,2125.0,2273.0,2495.0,2325.0,2450.0,2450.0,2395.0,2395.0,2395.0,2325.0,2235.0,2323.0,2450.0,2500.0,2450.0,2450.0,2450.0,2350.0,2350.0,2425.0,2395.0,2325.0,2350.0,2495.0,2500.0,2495.0,2565.0,2495.0,2500.0,2500.0,2565.0,2565.0,2450.0,2399.0,2350.0,2473.0,2395.0,2500.0,2450.0,2495.0,2400.0,2500.0,2599.0,2500.0,2400.0,2398.0,2400.0,2395.0,2380.0,2364.0,2400.0,2498.0,2400.0,2350.0,2253.0,2450.0,2450.0,2549.0,2500.0,2500.0,2425.0,2475.0,2450.0,2400.0,2400.0,2395.0,2400.0,2400.0,2400.0,2400.0,2400.0,2600.0,2500.0,2497.0,2575.0,2500.0,2499.0,2500.0
Fort Greene,Brooklyn,neighborhood,2800.0,2675.0,2400.0,2500.0,2700.0,2750.0,2900.0,3050.0,2900.0,3025.0,3050.0,3100.0,2850.0,3000.0,2923.0,2800.0,2800.0,2975.0,3250.0,3075.0,2825.0,2850.0,2800.0,3200.0,3200.0,2950.0,2923.0,3038.0,3150.0,2975.0,2965.0,3400.0,3175.0,2700.0,3000.0,3500.0,3338.0,3375.0,3100.0,3075.0,3475.0,3450.0,3048.0,3275.0,3510.0,3350.0,3295.0,3295.0,3238.0,3273.0,3325.0,3295.0,2900.0,2900.0,3000.0,2999.0,2999.0,3000.0,3000.0,2850.0,3200.0,3300.0,3244.0,3350.0,3150.0,3000.0,3148.0,3000.0,3000.0,3000.0,3000.0,3200.0,3200.0,3200.0,3300.0,3210.0,3300.0,3200.0,3200.0,3400.0,3300.0,3200.0,3325.0,3400.0,3450.0,3300.0,3325.0,3450.0,3500.0,3575.0,3350.0,3600.0,3575.0,3200.0,3000.0,2800.0,3000.0,3000.0,3000.0,3000.0,3000.0,3775.0,3750.0,3488.0,3375.0,2995.0
Fresh Meadows,Queens,neighborhood,,,,,,,,,,,,,,,,,,,,,,,,,,,,,,,,,,,,,,,,,,,,,,,,,,,,,,,,,,,,,,,,,,,,,,,,,,,,,,,,,,,,,,,,,,,,,,,,,,,,,,,,,,
Gerritsen Beach,Brooklyn,neighborhood,,,,,,,,,,,,,,,,,,,,,,,,,,,,,,,,,,,,,,,,,,,,,,,,,,,,,,,,,,,,,,,,,,,,,,,,,,,,,,,,,,,,,,,,,,,,,,,,,,,,,,,,,,
Glen Oaks,Queens,neighborhood,,,,,,,,,,,,,,,,,,,,,,,,,,,,,,,,,,,,,,,,,,,,,,,,,,,,,,,,,,,,,,,,,,,,,,,,,,,,,,,,,,,,,,,,,,,,,,,,,,,,,,,,,,
Glendale,Queens,neighborhood,,,,,,,,,,,,,,,,,,,,,,,,,,,,,,,,,,,,,,,,,,,,,,,,,,,,,,,,,,1763.0,1750.0,1700.0,1773.0,1797.0,1700.0,1650.0,1850.0,,1825.0,1800.0,1800.0,1825.0,1800.0,1875.0,1875.0,1875.0,1850.0,1850.0,1875.0,,1850.0,1850.0,1850.0,1895.0,1895.0,1885.0,1900.0,1900.0,1950.0,1900.0,1900.0,1900.0,2000.0,2050.0,1925.0,1950.0,1900.0,1900.0,2000.0,1950.0,1870.0,2000.0,2098.0,2000.0,2000.0,2000.0,1975.0,1999.0
Gowanus,Brooklyn,neighborhood,,,,,,,,,,,,,2300.0,2300.0,,,2750.0,,,,,,,,,,,,,,,,,2495.0,2448.0,2900.0,2900.0,2950.0,2900.0,3000.0,3750.0,3300.0,3200.0,2800.0,3100.0,3650.0,3200.0,3000.0,2999.0,3200.0,3300.0,3000.0,2950.0,3325.0,3300.0,2795.0,2600.0,3800.0,3700.0,3500.0,2995.0,3073.0,2900.0,3158.0,3325.0,3200.0,3200.0,3400.0,3250.0,3225.0,3250.0,3200.0,3200.0,3200.0,3200.0,3200.0,3400.0,3100.0,3175.0,3300.0,3100.0,3000.0,3000.0,2995.0,2998.0,3500.0,2500.0,2695.0,2800.0,2900.0,2900.0,3295.0,3200.0,3100.0,2995.0,2975.0,2788.0,3000.0,3250.0,3100.0,3250.0,3250.0,3325.0,3400.0,2825.0,3175.0
Gramercy Park,Manhattan,neighborhood,3695.0,3550.0,3663.0,3900.0,3998.0,4000.0,4000.0,5248.0,6000.0,4050.0,4700.0,4700.0,4700.0,4475.0,4148.0,4298.0,3700.0,4100.0,4175.0,4050.0,4300.0,4723.0,4825.0,4395.0,4595.0,3995.0,3800.0,3995.0,3945.0,4000.0,3950.0,3600.0,3999.0,4995.0,4773.0,4750.0,4500.0,4500.0,3999.0,3600.0,3895.0,3898.0,4000.0,4000.0,3900.0,4500.0,4500.0,4675.0,4295.0,4248.0,3995.0,3999.0,3970.0,3995.0,3950.0,3997.0,3999.0,3995.0,3795.0,3950.0,4295.0,4425.0,3995.0,4195.0,3995.0,3900.0,3800.0,3880.0,4295.0,3999.0,4345.0,4525.0,4500.0,4295.0,3890.0,4148.0,4295.0,4250.0,4150.0,4300.0,4125.0,3948.0,3995.0,4057.0,4015.0,4275.0,3995.0,4000.0,4148.0,4000.0,3995.0,4210.0,4595.0,3912.0,4048.0,4296.0,4198.0,4240.0,4400.0,4050.0,4175.0,4195.0,3890.0,3890.0,4395.0,3700.0
Gravesend,Brooklyn,neighborhood,,,,,,,,,,,,,,,,,,,,,,,,,,,,,,,,,,,1525.0,1659.0,1495.0,1498.0,1525.0,1688.0,1750.0,1775.0,1750.0,1738.0,1745.0,1550.0,1550.0,1550.0,1693.0,,,,,1800.0,1750.0,1731.0,1650.0,,,1800.0,1700.0,1650.0,1663.0,1750.0,1795.0,1760.0,1775.0,1795.0,1800.0,1800.0,1900.0,1800.0,1800.0,1800.0,1825.0,1850.0,1900.0,1998.0,2000.0,1900.0,1925.0,1985.0,2050.0,1938.0,1990.0,1995.0,1900.0,1900.0,2000.0,1950.0,1950.0,1975.0,1995.0,2075.0,2099.0,1913.0,1975.0,2095.0,2083.0,2075.0,2099.0,1840.0,1999.0,1995.0,1995.0,2000.0
Greenpoint,Brooklyn,neighborhood,2750.0,2625.0,2350.0,2150.0,2450.0,2300.0,2550.0,2600.0,2775.0,3100.0,3100.0,2775.0,1850.0,2175.0,2200.0,2425.0,2675.0,2600.0,2350.0,2300.0,2250.0,2400.0,2200.0,2300.0,2225.0,2200.0,2250.0,2338.0,2500.0,2400.0,2500.0,2700.0,2575.0,2700.0,2700.0,2575.0,2650.0,2575.0,2600.0,2650.0,2700.0,2700.0,2875.0,2800.0,2773.0,2995.0,2795.0,2600.0,2750.0,2800.0,2875.0,2964.0,2998.0,3000.0,2800.0,2773.0,2750.0,2700.0,2700.0,2599.0,2600.0,2625.0,2650.0,2773.0,2600.0,2600.0,2800.0,2850.0,2850.0,2850.0,2800.0,2700.0,2700.0,2700.0,2800.0,2800.0,2931.0,2825.0,2800.0,2800.0,2800.0,2800.0,2800.0,2700.0,2693.0,2700.0,2650.0,2700.0,2750.0,2800.0,2800.0,2663.0,2795.0,2700.0,2650.0,2500.0,2600.0,2500.0,2699.0,2750.0,2750.0,2900.0,2950.0,2895.0,2950.0,2800.0
Greenwich Village,Manhattan,neighborhood,4500.0,4300.0,4195.0,4150.0,4000.0,4500.0,4500.0,4500.0,5175.0,6540.0,5895.0,5225.0,5250.0,5498.0,5495.0,5198.0,5773.0,5800.0,6248.0,6400.0,6248.0,6500.0,6950.0,7000.0,5973.0,6500.0,5590.0,5800.0,5273.0,5875.0,5500.0,6000.0,6000.0,6000.0,5995.0,5623.0,5095.0,5500.0,5850.0,5500.0,5500.0,5750.0,5498.0,5448.0,4900.0,5655.0,6250.0,5675.0,6000.0,5850.0,5998.0,5678.0,4900.0,4895.0,4700.0,5350.0,5655.0,5750.0,5400.0,5125.0,5678.0,5258.0,4995.0,5350.0,5495.0,5775.0,4791.0,5995.0,5725.0,5995.0,5973.0,5655.0,5900.0,5578.0,5898.0,5655.0,5450.0,5750.0,4895.0,5745.0,5745.0,5500.0,5495.0,5448.0,5150.0,4773.0,4500.0,4525.0,4600.0,4398.0,5445.0,4995.0,4998.0,5275.0,5650.0,5500.0,5000.0,5500.0,5500.0,5200.0,5200.0,4850.0,4800.0,4800.0,5500.0,5400.0
Greenwood,Brooklyn,neighborhood,1950.0,1750.0,,,1800.0,1800.0,,,,,,,,,2000.0,2225.0,2375.0,2000.0,2000.0,2050.0,,,,,,,2275.0,2000.0,2000.0,1950.0,1973.0,2150.0,2225.0,2300.0,2200.0,2300.0,2100.0,2100.0,2200.0,2225.0,2083.0,2475.0,2300.0,2500.0,2500.0,2500.0,2350.0,2200.0,2300.0,2300.0,2300.0,2475.0,2325.0,2200.0,2200.0,2100.0,2200.0,2350.0,2384.0,2350.0,2300.0,2248.0,2278.0,2290.0,2325.0,2350.0,2300.0,2300.0,2350.0,2350.0,2300.0,2225.0,2250.0,2300.0,2350.0,2300.0,2350.0,2390.0,2367.0,2400.0,2200.0,2149.0,2150.0,2195.0,2200.0,2300.0,2198.0,2298.0,2300.0,2350.0,2350.0,2300.0,2250.0,2300.0,2216.0,2250.0,2150.0,2200.0,2400.0,2262.0,2500.0,2900.0,2688.0,3000.0,2478.0,2455.0
Hamilton Heights,Manhattan,neighborhood,1900.0,1900.0,1700.0,1800.0,1900.0,1775.0,2198.0,2200.0,2100.0,2063.0,2060.0,2125.0,2000.0,2050.0,2000.0,1625.0,1750.0,2150.0,2250.0,2250.0,2600.0,2595.0,2595.0,2745.0,2672.0,2275.0,2195.0,2050.0,1950.0,2350.0,2200.0,1998.0,1995.0,2200.0,2300.0,2200.0,1925.0,1997.0,1995.0,1897.0,2000.0,2050.0,2100.0,2175.0,2350.0,2200.0,2300.0,2075.0,2088.0,2000.0,2145.0,2150.0,2150.0,2050.0,2050.0,2175.0,2173.0,2195.0,2120.0,2110.0,2100.0,2200.0,2200.0,2200.0,2295.0,2375.0,2383.0,2393.0,2450.0,2395.0,2400.0,2425.0,2400.0,2400.0,2400.0,2350.0,2300.0,2250.0,2299.0,2300.0,2250.0,2350.0,2350.0,2350.0,2300.0,2300.0,2300.0,2350.0,2350.0,2350.0,2350.0,2385.0,2350.0,2350.0,2219.0,2258.0,2250.0,2200.0,2395.0,2450.0,2500.0,2500.0,2500.0,2400.0,2400.0,2350.0
Highbridge,Bronx,neighborhood,,,,,,,,,,,,,,,,,,,,,,,,,,,,,,,,,,,,,,,,,,,,,,,,,,,,,,,,,,,,,,,,,,,,,,,,,,,,,,1700.0,1700.0,,,,,,,,,,,1800.0,1800.0,1838.0,,,,1880.0,,,,,1800.0,1850.0,1850.0,1725.0,,1850.0
Hillcrest,Queens,neighborhood,,,,,,,,,,,,,,,,,,,,,,,,,,,,,,,,,,,,,,,,,,,,,,,,,,,,,,,,,,,,,,,,,,,,,,,,,,,,,,,,,,,,,,,,,,,,,,,,,,,,,,,,,,
Hollis,Queens,neighborhood,,,,,,,,,,,,,,,,,,,,,,,,,,,,,,,,,,,,,,,,,,,,,,,,,,,,,,,,,,,,,,,,,,,,,,,,,,,,,,,,,,,,,,,,,,,,,,,,,,,,,,,,,,
Howard Beach,Queens,neighborhood,,,,,,,,,,,,,,,,,,,,,,,,,,,,,,,,,,,,,,,,,,,,,,,,,,,,,,,,,,,,,,,,,,,,,,,,,,,,,,,,,,,,,,,,,,,,,,,,,,,,,,,,,,
Hunts Point,Bronx,neighborhood,,,,,,,,,,,,,,,,,,,,,,,,,,,,,,,,,,,,,,,,,,,,,,,,,,,,,,,,,,,,,,,,,,,,,,,,,,,,,,,,,,,,,,,,,,,,,,,,,,,,,,,,,,
Inwood,Manhattan,neighborhood,,,,,,,,,,,,1898.0,,,,,,,,,,,,1595.0,1588.0,1588.0,,,1900.0,1885.0,1898.0,1850.0,1850.0,1650.0,1623.0,1650.0,1650.0,1700.0,1850.0,1875.0,1899.0,,,1800.0,,2075.0,1950.0,1950.0,1950.0,1900.0,1850.0,1875.0,1885.0,2000.0,2050.0,1948.0,2000.0,2000.0,2000.0,1900.0,1975.0,2000.0,1975.0,1950.0,2098.0,2100.0,2100.0,2095.0,2100.0,2100.0,2100.0,2000.0,2100.0,2125.0,2050.0,2100.0,2100.0,2050.0,2073.0,2150.0,2200.0,2200.0,2080.0,2200.0,2200.0,2125.0,2200.0,2150.0,2100.0,2099.0,2000.0,2097.0,2200.0,2057.0,2075.0,2025.0,2150.0,2170.0,2200.0,2250.0,2200.0,2250.0,2250.0,2243.0,2250.0,2225.0
Jackson Heights,Queens,neighborhood,,,,,,,,,,,,,,,,,,,,,,,,,,,,,,,,,,,,,,,,1723.0,,,,,,,1795.0,1795.0,1850.0,2075.0,2150.0,2150.0,2150.0,2175.0,2050.0,1995.0,1850.0,1925.0,2100.0,2250.0,2100.0,2100.0,2050.0,2100.0,2175.0,2100.0,2100.0,1975.0,1900.0,2000.0,2195.0,2100.0,2000.0,2050.0,2000.0,2000.0,2300.0,2350.0,2188.0,2375.0,2375.0,2294.0,2246.0,2246.0,2248.0,2271.0,2200.0,2200.0,2200.0,2200.0,2200.0,2275.0,2189.0,2191.0,2200.0,2200.0,2200.0,2200.0,2100.0,2100.0,2200.0,2200.0,2400.0,2350.0,2362.0,2349.0
Jamaica,Queens,neighborhood,,,,,,,,,,,,,,,,,,,,,,,,,,,,,,,,,,,,,,,,,,,,,,,,,,,,,,,,,,,,,,,,,,,,,,,,,,,,,,,,,,,,,,,2960.0,,,3113.0,3125.0,,,,,,,,,,,,,,,
Jamaica Estates,Queens,neighborhood,,,,,,,,,,,,,,,,,,,,,,,,,,,,,,,,,,,,,,,,,,,,,,,,,,,,,,,,,,,,,,,,,,,,,,,,,,,,,,,,,,2223.0,2373.0,2350.0,2373.0,,,,,,,,,,,,,,,,,2575.0,,2395.0,,
Jamaica Hills,Queens,neighborhood,,,,,,,,,,,,,,,,,,,,,,,,,,,,,,,,,,,,,,,,,,,,,,,,,,,,,,,,,,,,,,,,,,,,,,,,,,,,,,,,,,,,,,,,,,,,,,,,,,,,,,,,,,
Kensington,Brooklyn,neighborhood,,,,,,,,,,,,,,,2400.0,,,,,,,,,,,,,,,,,,,,,,,,,,2050.0,2050.0,2250.0,,2175.0,2263.0,2275.0,2300.0,2270.0,2143.0,1995.0,2038.0,1908.0,2000.0,2148.0,2000.0,1995.0,2350.0,2050.0,1900.0,1875.0,1900.0,1906.0,2100.0,2148.0,2188.0,2350.0,2385.0,2400.0,2400.0,2395.0,2200.0,2216.0,2200.0,2251.0,2200.0,2251.0,2226.0,2299.0,2138.0,2150.0,2150.0,2125.0,2195.0,2200.0,2100.0,2050.0,2050.0,2200.0,2200.0,2293.0,2208.0,2285.0,2300.0,2223.0,2195.0,2200.0,2250.0,2250.0,2216.0,2150.0,2216.0,2285.0,2400.0,2300.0,2200.0
Kew Gardens,Queens,neighborhood,,,,,,,,,,,,,,,,,,,,,,,,,,,,,2850.0,2850.0,3000.0,3046.0,3046.0,3046.0,2954.0,3000.0,2250.0,,,,2375.0,2250.0,2550.0,2200.0,2208.0,2200.0,2100.0,2200.0,2050.0,1963.0,1900.0,1900.0,2000.0,2050.0,2050.0,2250.0,2063.0,2025.0,2250.0,2300.0,2300.0,2300.0,2300.0,2150.0,2125.0,2350.0,2325.0,2395.0,2600.0,2600.0,2550.0,2550.0,2550.0,2300.0,2300.0,2450.0,2450.0,2450.0,2300.0,2400.0,2275.0,2123.0,2150.0,2150.0,2175.0,2200.0,2200.0,2225.0,2150.0,2100.0,2100.0,2200.0,2200.0,2098.0,2250.0,2250.0,2275.0,2275.0,2250.0,2350.0,2228.0,2228.0,2250.0,2200.0,2100.0,2100.0
Kew Gardens Hills,Queens,neighborhood,,,,,,,,,,,,,,,,,,,,,,,,,,,,,,,,,,,,,,,,,,,,,,,,,,,,,,,,,,,,1950.0,1775.0,1950.0,1950.0,1950.0,1950.0,1950.0,1950.0,1950.0,1950.0,1975.0,1950.0,1950.0,1975.0,2000.0,1891.0,1950.0,1788.0,1950.0,1950.0,,,2013.0,2000.0,,1975.0,1975.0,1975.0,1925.0,1950.0,1875.0,1975.0,1975.0,1975.0,2063.0,2000.0,2000.0,2000.0,1938.0,2000.0,2000.0,2000.0,2000.0,2000.0,2000.0,2075.0,2070.0
Kingsbridge,Bronx,neighborhood,,,,,,,,,,,,,,,,,,,,,,,,,,2355.0,2355.0,2358.0,,,,,,,,,,,,,,,,,,,1500.0,1499.0,,,,,,,,,,,,,1630.0,1665.0,1654.0,1675.0,,,1658.0,1658.0,1665.0,,1750.0,1775.0,1763.0,1775.0,1750.0,1800.0,1850.0,1850.0,2017.0,2017.0,2016.0,2000.0,2017.0,2000.0,1998.0,1950.0,1938.0,1875.0,1957.0,1888.0,1860.0,2100.0,2200.0,1900.0,1900.0,1900.0,1750.0,1763.0,2018.0,2067.0,2000.0,2025.0,2050.0,1970.0,1965.0,1995.0
Laconia,Bronx,neighborhood,,,,,,,,,,,,,,,,,,,,,,,,,,,,,,,,,,,,,,,,,,,,,,,,,,,,,,,,,,,,,,,,,,,,,,,,,,,,,,,,,,,,,,,,,,,,,,,,,,,,,,,,,,
Laurelton,Queens,neighborhood,,,,,,,,,,,,,,,,,,,,,,,,,,,,,,,,,,,,,,,,,,,,,,,,,,,,,,,,,,,,,,,,,,,,,,,,,,,,,,,,,,,,,,,,,,,,,,,,,,,,,,,,,,
Little Italy,Manhattan,neighborhood,4100.0,3625.0,2999.0,3150.0,4475.0,4450.0,2788.0,3950.0,5350.0,4800.0,4850.0,4625.0,4600.0,4775.0,4950.0,3850.0,4225.0,3300.0,3875.0,4550.0,4000.0,3825.0,3750.0,3750.0,4250.0,3750.0,3600.0,3500.0,3100.0,2850.0,2725.0,2800.0,4038.0,3575.0,4500.0,4100.0,4600.0,4125.0,4000.0,4950.0,3600.0,3300.0,3500.0,3600.0,3950.0,3500.0,,4000.0,3500.0,4125.0,4488.0,3300.0,3200.0,3838.0,3800.0,3785.0,3300.0,3300.0,3199.0,3199.0,3000.0,2973.0,3600.0,3300.0,3295.0,3298.0,3395.0,3500.0,3800.0,3600.0,3600.0,3875.0,3700.0,3750.0,2875.0,3100.0,3600.0,3500.0,3500.0,3500.0,3400.0,3475.0,3350.0,3300.0,3225.0,3175.0,3800.0,3293.0,2995.0,3600.0,3223.0,3400.0,3300.0,3190.0,3400.0,3300.0,3600.0,3675.0,6423.0,4748.0,3600.0,3600.0,3570.0,3465.0,3300.0,3208.0
Little Neck,Queens,neighborhood,,,,,,,,,,,,,,,,,,,,,,,,,,,,,,,,,,,,,,,,,,,,,,,,,,,,,,,,,,,,,,,,,,,,,,,,,,,,,,,,,,,,,,,,,,,,,,,,,,,,,,,,,,
Long Island City,Queens,neighborhood,3150.0,3125.0,3100.0,3023.0,3148.0,3500.0,3700.0,3630.0,3700.0,3600.0,3550.0,3565.0,3625.0,3803.0,3928.0,4097.0,3798.0,4000.0,3800.0,3945.0,3975.0,3800.0,3860.0,3800.0,3635.0,3725.0,3740.0,3753.0,3835.0,3893.0,3990.0,4028.0,4057.0,4000.0,3813.0,4025.0,3798.0,4000.0,3750.0,4050.0,3940.0,3878.0,3750.0,3773.0,3895.0,3820.0,3838.0,3850.0,3895.0,3900.0,3998.0,4130.0,3995.0,4013.0,3903.0,3850.0,3950.0,3940.0,3999.0,4053.0,4000.0,4000.0,3869.0,4025.0,4025.0,4105.0,4150.0,4000.0,4000.0,3781.0,3750.0,3950.0,3850.0,3950.0,3998.0,4110.0,4150.0,4100.0,4100.0,4085.0,4175.0,4000.0,4000.0,3951.0,4000.0,4015.0,3995.0,3994.0,3800.0,3895.0,3951.0,4133.0,3895.0,3797.0,3678.0,3750.0,3815.0,3719.0,3775.0,3729.0,3869.0,4246.0,3994.0,4208.0,4231.0,4173.0
Longwood,Bronx,neighborhood,,,,,,,,,,,,,,,,,,,,,,,,,,,,,,,,,,,,,,,,,,,,,,,,,,,,,,,,,,,,,,,,,,,,,,,,,,,,,,,,,,,,,,,,,,,,,,,,,,,,,,,,,,
Lower East Side,Manhattan,neighborhood,2625.0,2698.0,2600.0,2600.0,2600.0,2600.0,2650.0,2825.0,2995.0,2700.0,2750.0,3250.0,3000.0,2750.0,3100.0,2995.0,2950.0,3000.0,3100.0,3295.0,3495.0,3495.0,3395.0,3395.0,3423.0,3295.0,3450.0,3495.0,3395.0,3395.0,2900.0,3100.0,3295.0,3295.0,3295.0,3350.0,3300.0,3325.0,3200.0,3100.0,3100.0,3100.0,3200.0,3173.0,3100.0,3100.0,3000.0,3000.0,3100.0,3000.0,3095.0,3325.0,3200.0,3200.0,3000.0,3100.0,3150.0,3000.0,3100.0,3200.0,3100.0,3175.0,3195.0,3198.0,3325.0,3250.0,3200.0,3298.0,3300.0,3254.0,3195.0,3200.0,3202.0,3391.0,3400.0,3391.0,3473.0,3500.0,3300.0,3395.0,3387.0,3254.0,3200.0,3100.0,3100.0,3325.0,3350.0,3300.0,3450.0,3425.0,3298.0,3295.0,3273.0,3300.0,3195.0,3195.0,3100.0,3000.0,3277.0,3300.0,3395.0,3250.0,3300.0,3400.0,3450.0,3600.0
Manhattan,Manhattan,borough,4000.0,3995.0,4000.0,4100.0,4200.0,4000.0,4000.0,4045.0,4300.0,4300.0,4400.0,4350.0,4395.0,4500.0,4400.0,4395.0,4350.0,4450.0,4295.0,4350.0,4500.0,4500.0,4500.0,4498.0,4500.0,4500.0,4495.0,4400.0,4300.0,4380.0,4295.0,4325.0,4495.0,4450.0,4475.0,4300.0,4300.0,4400.0,4373.0,4200.0,4118.0,4000.0,3950.0,3995.0,4263.0,4300.0,4400.0,4400.0,4300.0,4330.0,4370.0,4300.0,4215.0,4100.0,3850.0,3795.0,3900.0,3895.0,3900.0,3995.0,3995.0,4000.0,4095.0,4149.0,4189.0,3995.0,3950.0,4000.0,4250.0,4250.0,4150.0,4200.0,4250.0,4300.0,4250.0,4200.0,4000.0,4000.0,4000.0,3999.0,4095.0,4000.0,3999.0,3995.0,3999.0,4000.0,3998.0,3999.0,3995.0,3895.0,3795.0,3885.0,4000.0,4000.0,3999.0,4172.0,4100.0,4159.0,3995.0,3925.0,3900.0,3873.0,3787.0,3790.0,3800.0,3825.0
Manhattan Beach,Brooklyn,neighborhood,,,,,,,,,,,,,,,,,,,,,,,,,,,,,,,,,,,,,,,,,,,,,,,,,,,,,,,,,,,,,,,,,,,,,,,,,,,,,,,,,,,,,,,,,,,,,,,,,,,,,,,,,,
Manhattanville,Manhattan,neighborhood,,,,,,,,,,,,,,,,,,,,,,,,,,,,,,,,,,,,,,,,,,,,,,,,,,,,,,,,,,,,,,,,,,,,2200.0,,,,,,,,,,,,,,,,,,,,,,,,,,,,,,,,,2748.0,,2985.0,2995.0,2873.0,2788.0
Marble Hill,Manhattan,neighborhood,,,,,,,,,,,,,,,,,,,,,,,,,,,,,,,,,,,,,,,,,,,,,,,,,,,,,,,,,,,,,,,,,,,,,,,,,,,,,,,,,,,,,,,,,,,,2365.0,,,,,,,,,,,,,,
Marine Park,Brooklyn,neighborhood,,,,,,,,,,,,,,,,,,,,,,,,,,,,,,,,,,,,,,,,,,,,,,,,,,,,,,,,,,,,,,,,,,,,,,,,1750.0,,,,,,,,,,,,,,,,,,,,,,,,,,,,,,,,,,
Maspeth,Queens,neighborhood,,,,,,,,,,,,,,,,,,,,,,,,,,,,,,,,,,,,,,,,,,,,,,,,,,1625.0,1650.0,,,,,,,,,,,,,,,1900.0,1950.0,,,1725.0,1775.0,1850.0,1900.0,1875.0,1913.0,2000.0,2000.0,2100.0,2100.0,2100.0,2050.0,1900.0,2000.0,1925.0,2000.0,2000.0,2000.0,2050.0,2000.0,2000.0,2000.0,2100.0,2100.0,1975.0,2000.0,2000.0,2048.0,2000.0,2000.0,2000.0,2000.0,2000.0,1950.0,2000.0,1999.0,1950.0
Melrose,Bronx,neighborhood,,,,,,,,,,,,,,,,,,,,,,,,,,,,,,,,,,,,,,,,,,,,,,,,,,,,,,,,,,,,,,,,,,,,,,,,,,,,,,,,,,,,,,,,,,,,,,,,,,,,,,,,,,
Middle Village,Queens,neighborhood,,,,,,,,,,,,,,,,,,,,,,,,,,,,,,,,,,,,,,,,,,,,,,,,,,,,,,,,,,,,,,,,,,,,,,,,,,,,,,,,,,2000.0,,,,,,,,2300.0,,,,,,,,,,,,,,,2200.0,
Midtown,Manhattan,neighborhood,5998.0,5970.0,5900.0,5775.0,5750.0,5750.0,5925.0,5673.0,5625.0,5500.0,5973.0,5950.0,5973.0,6100.0,5975.0,6995.0,6750.0,6000.0,6000.0,6000.0,6600.0,6500.0,6400.0,5900.0,6798.0,6395.0,6150.0,6250.0,6500.0,6850.0,6500.0,6600.0,6500.0,6000.0,6500.0,6250.0,6398.0,6500.0,6495.0,6500.0,6000.0,6195.0,6000.0,6200.0,6000.0,6200.0,6250.0,5995.0,5800.0,5950.0,6146.0,6146.0,5695.0,5995.0,5983.0,5800.0,5700.0,5800.0,5700.0,5800.0,5800.0,5800.0,5798.0,6198.0,6450.0,6400.0,6050.0,5971.0,5923.0,5684.0,5995.0,6000.0,6125.0,6200.0,6150.0,6450.0,6373.0,6500.0,6500.0,6000.0,5913.0,5799.0,5800.0,5800.0,5854.0,6200.0,5877.0,5582.0,5750.0,5795.0,5750.0,5800.0,5862.0,5667.0,5600.0,5595.0,5600.0,5713.0,5925.0,5850.0,5800.0,5848.0,5787.0,5748.0,5850.0,5673.0
Midtown East,Manhattan,neighborhood,4473.0,4200.0,4125.0,4100.0,4450.0,4200.0,4300.0,4300.0,4400.0,4563.0,4743.0,4698.0,4900.0,4850.0,4695.0,4600.0,4600.0,4665.0,4500.0,4500.0,4795.0,4893.0,4750.0,4588.0,4600.0,4675.0,4750.0,4600.0,4585.0,4625.0,4500.0,4595.0,4500.0,4518.0,4598.0,4500.0,4500.0,4665.0,4500.0,4500.0,4500.0,4500.0,4100.0,4225.0,4625.0,4625.0,4600.0,4600.0,4500.0,4540.0,4500.0,4500.0,4400.0,4600.0,4500.0,4595.0,4800.0,4700.0,4600.0,4599.0,4500.0,4500.0,4725.0,4800.0,4773.0,4500.0,4495.0,4500.0,4695.0,4600.0,4700.0,4695.0,4518.0,4500.0,4350.0,4500.0,4495.0,4600.0,4500.0,4400.0,4495.0,4395.0,4295.0,4482.0,4495.0,4600.0,4600.0,4395.0,4400.0,4425.0,4300.0,4200.0,4350.0,4395.0,4100.0,4295.0,4443.0,4500.0,4400.0,4495.0,4395.0,4398.0,4250.0,4290.0,4200.0,4300.0
Midtown South,Manhattan,neighborhood,5000.0,5120.0,5900.0,5825.0,5950.0,6000.0,5973.0,5665.0,5665.0,5200.0,5150.0,5270.0,5750.0,5900.0,5200.0,5100.0,5220.0,5800.0,5775.0,5440.0,6343.0,6343.0,6040.0,5500.0,6490.0,6675.0,6400.0,6240.0,6500.0,6500.0,6500.0,6400.0,6500.0,6348.0,5500.0,5600.0,6300.0,5995.0,5995.0,5370.0,5525.0,5950.0,5950.0,5240.0,5350.0,5600.0,6400.0,5815.0,5240.0,5820.0,6400.0,6100.0,6500.0,6398.0,6300.0,6620.0,6548.0,6500.0,6850.0,6548.0,6277.0,6500.0,6820.0,6548.0,6608.0,6412.0,6658.0,6695.0,6810.0,6476.0,6423.0,6608.0,6695.0,6658.0,6460.0,6658.0,6620.0,6514.0,6500.0,6461.0,6500.0,6551.0,6461.0,6460.0,6364.0,6459.0,6456.0,6500.0,6456.0,6417.0,6457.0,6459.0,6480.0,6460.0,5095.0,5200.0,5250.0,5500.0,5500.0,5704.0,5400.0,5348.0,4995.0,5348.0,5435.0,5625.0
Midtown West,Manhattan,neighborhood,4050.0,4033.0,3850.0,3902.0,4060.0,4200.0,4295.0,4493.0,4490.0,4490.0,4448.0,4500.0,4500.0,4500.0,4595.0,4995.0,4690.0,4800.0,4900.0,4868.0,4775.0,4550.0,4795.0,4950.0,4795.0,4995.0,5000.0,5000.0,5295.0,5293.0,4998.0,5000.0,5100.0,4950.0,4650.0,4600.0,4613.0,4890.0,4638.0,4650.0,4650.0,4500.0,4550.0,4598.0,4600.0,4895.0,4583.0,4800.0,4713.0,4842.0,5000.0,4846.0,4900.0,4883.0,4710.0,4500.0,4700.0,4605.0,4700.0,4700.0,4750.0,4700.0,4833.0,4798.0,4675.0,4950.0,4950.0,4970.0,4854.0,4895.0,4500.0,4798.0,4925.0,4925.0,4793.0,4750.0,4500.0,4200.0,4425.0,4500.0,4500.0,4500.0,4500.0,4500.0,4506.0,4708.0,4579.0,4616.0,4750.0,4500.0,4300.0,4500.0,4650.0,4900.0,4488.0,4415.0,4500.0,4425.0,4500.0,4560.0,4500.0,4450.0,4273.0,4610.0,4942.0,4932.0
Midwood,Brooklyn,neighborhood,,,,,,,,,,,,,,,,,,,,1500.0,,,,,,,,,1500.0,1925.0,2000.0,1875.0,,,,,,,,1663.0,1945.0,,,,,,1673.0,1650.0,1650.0,,,,1875.0,1800.0,1775.0,1785.0,1775.0,1813.0,1975.0,1890.0,1890.0,1700.0,1823.0,1700.0,2125.0,2150.0,2150.0,2000.0,1873.0,1799.0,1850.0,1998.0,1948.0,1950.0,1875.0,1950.0,1950.0,1995.0,1950.0,1925.0,1990.0,1906.0,1850.0,1848.0,2000.0,2000.0,1983.0,1950.0,1925.0,1988.0,2000.0,1985.0,1999.0,1970.0,2025.0,2100.0,1950.0,1899.0,1997.0,2150.0,2113.0,1999.0,1999.0,1975.0,2000.0,1995.0
Mill Basin,Brooklyn,neighborhood,,,,,,,,,,,,,,,,,,,,,,,,,,,,,,,,,,,,,,,,,,,,,,,,,,,,,,,,,,,,,,,,,,,,,,,,,,,,,,,,,,,,,,,,,,,,,,,,,,,,,,,,,,
Morningside Heights,Manhattan,neighborhood,2175.0,2150.0,1975.0,1975.0,2295.0,2156.0,2100.0,2200.0,,2595.0,,2495.0,2450.0,2548.0,3098.0,2973.0,2525.0,2450.0,2875.0,3000.0,3475.0,3000.0,3000.0,3000.0,2995.0,2950.0,2613.0,2688.0,2798.0,2800.0,2798.0,2595.0,2973.0,2800.0,2713.0,2968.0,2991.0,2991.0,2950.0,2950.0,2850.0,2798.0,2800.0,2800.0,3000.0,2700.0,2825.0,2695.0,2986.0,3068.0,3225.0,3250.0,3250.0,2993.0,3050.0,3150.0,3000.0,2825.0,2935.0,2998.0,2986.0,2998.0,2998.0,2999.0,3000.0,3450.0,3273.0,3000.0,3000.0,3250.0,3000.0,3000.0,2800.0,2800.0,2950.0,3000.0,3000.0,3500.0,3100.0,3100.0,3298.0,3295.0,3200.0,3200.0,3000.0,3071.0,2812.0,2925.0,3100.0,3000.0,2874.0,2985.0,2800.0,2695.0,2600.0,2895.0,2729.0,2950.0,3000.0,3100.0,3100.0,3098.0,3000.0,3100.0,3000.0,2850.0
Morris Heights,Bronx,neighborhood,,,,,,,,,,,,,,,,,,,,,,,,,,,,,,,,,,,,,,,,,,,,,,,,,,,,,,,,,,,,,,,,,,,,,,,,,,1700.0,1700.0,,,,,,,,,,,,,,,,,,,,,,,,,,,,,,,
Morris Park,Bronx,neighborhood,,,,,,,,,,,,,,,,,,,,,,,,,,,,,,,,,,,,,,,,,,,,,,,,,,,,,,,,,,1700.0,1700.0,,,,1850.0,2100.0,,2224.0,2150.0,2000.0,,,,1819.0,1838.0,1900.0,1800.0,1800.0,1750.0,1800.0,1800.0,1800.0,2050.0,2213.0,2250.0,,,,,2134.0,2074.0,1848.0,1988.0,,1950.0,1925.0,1960.0,,1913.0,1900.0,1926.0,1900.0,1925.0,2050.0,2150.0,2100.0,2025.0,2100.0
Morrisania,Bronx,neighborhood,,,,,,,,,,,,,,,,,,,,,,,,,,,,,,,,,,,,,,,,,,,,,,,,,,,,,,,,,,,,,,,,,,,,,,,,,,,,,,,,,,,,,,,,,,,,,,,,,,,,,,,,,,
Mott Haven,Bronx,neighborhood,,,,,,,,,,,,,,,,,,1363.0,,,,,,,,,,,,,,,,,,,,,,,,,,1775.0,,,,,,,,,,,,,1800.0,,,1700.0,1600.0,1600.0,1700.0,1750.0,1750.0,,1700.0,1700.0,1750.0,2000.0,2100.0,2000.0,2000.0,,1975.0,1975.0,1900.0,1900.0,1913.0,1900.0,1800.0,1787.0,1650.0,1800.0,1775.0,1700.0,1700.0,1875.0,2100.0,1913.0,1999.0,2000.0,1938.0,1913.0,1950.0,1860.0,1824.0,2035.0,1975.0,2100.0,2200.0,2225.0,2050.0,2000.0,2238.0,2000.0
NYC,,city,3500.0,3500.0,3500.0,3500.0,3570.0,3550.0,3595.0,3600.0,3800.0,3795.0,3800.0,3713.0,3750.0,3700.0,3650.0,3650.0,3600.0,3738.0,3695.0,3800.0,4000.0,4000.0,4000.0,3900.0,3898.0,3800.0,3800.0,3795.0,3700.0,3750.0,3700.0,3750.0,3950.0,3800.0,3825.0,3750.0,3700.0,3700.0,3600.0,3500.0,3500.0,3500.0,3490.0,3495.0,3500.0,3500.0,3500.0,3495.0,3400.0,3400.0,3400.0,3457.0,3395.0,3323.0,3200.0,3150.0,3100.0,3050.0,3000.0,3000.0,3000.0,3000.0,3000.0,3000.0,3000.0,3000.0,3075.0,3000.0,3050.0,2995.0,2950.0,3000.0,3000.0,3099.0,3100.0,3116.0,3150.0,3100.0,3100.0,3099.0,3045.0,3000.0,2980.0,2950.0,2861.0,2800.0,2800.0,2800.0,2850.0,2850.0,2850.0,2999.0,2950.0,2900.0,2799.0,2800.0,2800.0,2792.0,2795.0,2800.0,2895.0,2900.0,2900.0,2899.0,2875.0,2750.0
New Hyde Park,Queens,neighborhood,,,,,,,,,,,,,,,,,,,,,,,,,,,,,,,,,,,,,,,,,,,,,,,,,,,,,,,,,,,,,,,,,,,,,,,,,,,,,,,,,,,,,,,,,,,,,,,,,,,,,,,,,,
Nolita,Manhattan,neighborhood,3750.0,3595.0,3700.0,3698.0,3895.0,3800.0,3995.0,3798.0,4000.0,4723.0,5000.0,,3775.0,3645.0,3450.0,4625.0,3995.0,3995.0,3995.0,4200.0,4198.0,3995.0,4450.0,3998.0,4000.0,4300.0,3873.0,3995.0,3895.0,4200.0,4200.0,4198.0,4095.0,4045.0,4248.0,3848.0,4295.0,3600.0,3423.0,3648.0,3800.0,4348.0,4150.0,3998.0,4150.0,3100.0,4395.0,3775.0,5000.0,3995.0,3895.0,4000.0,3873.0,4095.0,3848.0,3695.0,3679.0,3495.0,4950.0,4500.0,4548.0,4360.0,4545.0,4495.0,4250.0,4223.0,4000.0,3995.0,3900.0,3675.0,3800.0,4300.0,4150.0,3800.0,4125.0,4445.0,4325.0,3995.0,3995.0,4000.0,4245.0,4195.0,4245.0,4175.0,4198.0,4245.0,4195.0,4295.0,4395.0,3900.0,3900.0,4073.0,3998.0,3897.0,3798.0,4195.0,4100.0,4000.0,4295.0,4038.0,4498.0,4050.0,4025.0,4000.0,4300.0,4698.0
North Brooklyn,Brooklyn,submarket,2750.0,2700.0,2750.0,2900.0,2900.0,2900.0,2995.0,3195.0,3225.0,3250.0,3100.0,2700.0,2600.0,3000.0,2800.0,3300.0,3350.0,3250.0,2900.0,3100.0,3000.0,3169.0,3300.0,3458.0,3257.0,3112.0,3200.0,3481.0,3300.0,3400.0,3200.0,3200.0,3800.0,3850.0,3890.0,3700.0,3650.0,3479.0,3200.0,3000.0,3100.0,3250.0,3250.0,3200.0,3200.0,3250.0,3300.0,3350.0,3500.0,3465.0,3200.0,3200.0,3250.0,3300.0,3200.0,3195.0,3100.0,3000.0,3100.0,3185.0,3200.0,3200.0,3100.0,3150.0,3000.0,3100.0,3200.0,3200.0,3150.0,3200.0,3200.0,3210.0,3250.0,3199.0,3100.0,3100.0,3100.0,3100.0,3000.0,3094.0,3097.0,3100.0,3131.0,3000.0,3000.0,3000.0,3000.0,3000.0,3000.0,3000.0,3000.0,2999.0,3000.0,2900.0,2800.0,2750.0,2800.0,2800.0,2875.0,2952.0,2995.0,3000.0,2995.0,2999.0,3000.0,2999.0
North Corona,Queens,neighborhood,,,,,,,,,,,,,,,,,,,,,,,,,,,,,,,,,,,,,,,,,,,,,,,,,,,,,,,,,,,,,,,,,,,,,,,,,,,,,,,,,,,,,,,,,,,,,,,,,,,,,,,,,,
Northeast Queens,Queens,submarket,1650.0,1713.0,1700.0,1550.0,1650.0,1675.0,1700.0,1675.0,1700.0,1800.0,1800.0,1650.0,1688.0,1900.0,1775.0,1750.0,1700.0,1763.0,1825.0,1800.0,1700.0,1700.0,1700.0,1600.0,1685.0,1700.0,1750.0,1750.0,1773.0,1825.0,1850.0,1900.0,2100.0,2325.0,2100.0,1800.0,1700.0,1700.0,1850.0,1925.0,1800.0,1900.0,1875.0,1950.0,1950.0,1998.0,1790.0,2050.0,2000.0,1975.0,1900.0,1850.0,1950.0,1950.0,2025.0,2025.0,2000.0,2000.0,2100.0,2000.0,1925.0,1950.0,2000.0,2095.0,2000.0,1998.0,2000.0,2000.0,2100.0,2100.0,2100.0,2200.0,2198.0,2100.0,2099.0,2100.0,2025.0,2100.0,2100.0,2250.0,2150.0,2100.0,2100.0,2150.0,2050.0,2050.0,2100.0,2150.0,2150.0,2200.0,2200.0,2200.0,2150.0,2108.0,2100.0,2075.0,2170.0,2150.0,2120.0,2225.0,2200.0,2195.0,2150.0,2148.0,2100.0,2135.0
Northwest Brooklyn,Brooklyn,submarket,2600.0,2573.0,2550.0,2600.0,2725.0,2800.0,2900.0,2975.0,3095.0,3061.0,2973.0,2800.0,2800.0,2750.0,2800.0,2800.0,2850.0,3000.0,3019.0,3200.0,3400.0,3200.0,3150.0,3273.0,3495.0,3413.0,3500.0,3359.0,3400.0,3337.0,3357.0,3500.0,3500.0,3400.0,3450.0,3500.0,3400.0,3400.0,3500.0,3450.0,3600.0,3700.0,3575.0,3500.0,3497.0,3400.0,3400.0,3254.0,3301.0,3400.0,3450.0,3454.0,3400.0,3450.0,3400.0,3400.0,3400.0,3499.0,3495.0,3300.0,3300.0,3300.0,3350.0,3400.0,3250.0,3300.0,3400.0,3400.0,3450.0,3400.0,3400.0,3495.0,3550.0,3500.0,3500.0,3470.0,3500.0,3405.0,3450.0,3500.0,3400.0,3400.0,3300.0,3276.0,3328.0,3400.0,3395.0,3400.0,3450.0,3400.0,3400.0,3495.0,3435.0,3421.0,3300.0,3411.0,3547.0,3600.0,3648.0,3500.0,3500.0,3599.0,3500.0,3600.0,3500.0,3500.0
Northwest Queens,Queens,submarket,2065.0,2100.0,2200.0,2200.0,2100.0,2200.0,2400.0,2500.0,3095.0,2500.0,2200.0,2300.0,2225.0,2400.0,2525.0,2250.0,2550.0,2800.0,2700.0,2750.0,3450.0,3095.0,3200.0,2700.0,2975.0,3528.0,3500.0,3500.0,3405.0,3400.0,3410.0,3400.0,3395.0,2600.0,2500.0,2400.0,2500.0,2600.0,2500.0,2400.0,2525.0,2595.0,2650.0,2725.0,2900.0,3000.0,3200.0,2700.0,2500.0,2350.0,2300.0,2500.0,2500.0,2600.0,2500.0,2450.0,2450.0,2400.0,2400.0,2358.0,2400.0,2500.0,2400.0,2400.0,2400.0,2400.0,2450.0,2500.0,2500.0,2450.0,2445.0,2444.0,2450.0,2500.0,2500.0,2450.0,2500.0,2500.0,2500.0,2600.0,2500.0,2450.0,2450.0,2495.0,2400.0,2399.0,2400.0,2400.0,2400.0,2400.0,2400.0,2445.0,2400.0,2400.0,2400.0,2395.0,2399.0,2323.0,2390.0,2350.0,2350.0,2319.0,2350.0,2395.0,2400.0,2400.0
Norwood,Bronx,neighborhood,,,,,,,,,,,,,,,,,,,,,,,,,,,,,,,,,,,,,,,,,,,,,,,,,,,,,,,,,,,,,,,,,1550.0,1550.0,1550.0,1575.0,1600.0,1575.0,1588.0,1600.0,,,1600.0,1648.0,,1645.0,1673.0,1650.0,1750.0,1800.0,1695.0,1699.0,1695.0,1650.0,,1700.0,,1695.0,,,,,,,1695.0,,,,,1950.0,1850.0,,,
Oakland Gardens,Queens,neighborhood,,,,,,,,,,,,,,,,,,,,,,,,,,,,,,,,,,,,,,,,,,,,,,,,,,,,,,,,,,,,,,,,,,,,,,,,,,,,,,,,,,,,,,,,,,,,,,,,,,,,,,,,,,
Ocean Parkway,Brooklyn,neighborhood,,,,,,,,,,,,,,,,,,,,,,,,,,,,,,,,,,,,,,,,,,,,1863.0,,,,,,,,,,2295.0,2295.0,2295.0,1900.0,1690.0,2100.0,,,,2198.0,2200.0,2200.0,2273.0,,2150.0,1950.0,2000.0,,2075.0,1895.0,,,,2099.0,,,2245.0,,,2225.0,2250.0,2238.0,2225.0,2248.0,2229.0,2291.0,2200.0,2298.0,2250.0,2095.0,2050.0,2100.0,2100.0,2138.0,2325.0,2275.0,2050.0,2050.0,2138.0,2195.0,2098.0,2200.0,2000.0
Old Mill Basin,Brooklyn,neighborhood,,,,,,,,,,,,,,,,,,,,,,,,,,,,,,,,,,,,,,,,,,,,,,,,,,,,,,,,,,,,,,,,,,,,,,,,,,,,,,,,,,,,,,,,,,,,,,,,,,,,,,,,,,
Ozone Park,Queens,neighborhood,,,,,,,,,,,,,,,,,,,,,,,,,,,,,,,,,,,,,,,,,,,,,,,,,,,,,,,,,,,,,,,,,,,,,,,,,,,,,,,,,,,,,,,,,,,,,,,,,,,,,,,,,,
Park Slope,Brooklyn,neighborhood,2350.0,2350.0,2400.0,2500.0,2500.0,2500.0,2500.0,2500.0,2650.0,2675.0,2500.0,2600.0,2600.0,2500.0,2500.0,2598.0,2700.0,2700.0,2725.0,2800.0,3000.0,3000.0,3000.0,3100.0,3000.0,2900.0,2900.0,2750.0,2800.0,2875.0,2800.0,2800.0,2950.0,2900.0,3000.0,2900.0,2900.0,2800.0,2700.0,2850.0,2850.0,2950.0,2800.0,2900.0,3000.0,3000.0,2900.0,2900.0,2850.0,2900.0,2873.0,2995.0,2850.0,2850.0,2850.0,2850.0,2925.0,3100.0,2995.0,2925.0,3000.0,3150.0,3183.0,3000.0,3100.0,3000.0,3000.0,2950.0,3000.0,2995.0,3000.0,3000.0,3000.0,3000.0,3000.0,3100.0,3000.0,3150.0,3100.0,3000.0,3000.0,2950.0,2900.0,2900.0,2950.0,2900.0,2850.0,2900.0,2950.0,2995.0,2960.0,3000.0,3000.0,2963.0,2895.0,2850.0,2995.0,3000.0,3000.0,3100.0,3100.0,3175.0,3100.0,3095.0,3200.0,3200.0
Parkchester,Bronx,neighborhood,,,,,,,,,,,,,,,,,,,,,,,,,,,,,,,,,,,,,,,,,,,,,,,,,,,,,,,,,,1535.0,1535.0,1535.0,,1493.0,,,,,,,,,,,,,,,,,,,1841.0,1700.0,1700.0,1645.0,1680.0,,,,1850.0,1773.0,1690.0,1850.0,,,,,,,,,,,,,,
Pelham Bay,Bronx,neighborhood,,,,,,,,,,,,,,,,,,,,,,,,,,,,,,,,,,,,,,,,,,,,,,,,,,,,,,,,,,,,,,,,,,,,,,,,,,,,,,,,,,,,,,,,,,,,,,,,,,,,,,,,,,
Pelham Gardens,Bronx,neighborhood,,,,,,,,,,,,,,,,,,,,,,,,,,,,,,,,,,,,,,,,,,,,,,,,,,,,,,,,,,,,,,,,,,,,,,,,,,,,,,,,,,,,,,,,,,,,,,,,,,,,,,,,,,
Pelham Parkway,Bronx,neighborhood,,,,,,,,,,,,,,,,,,,,,,,,,,,,,,,,,,,,,,,,,,,,,,,,,,,,,,,,,,,,,,,,,,,,,,,,,,,,,,,,,,,,,,,,,,,,,,,,,,,,,,,,,,
Pomonok,Queens,neighborhood,,,,,,,,,,,,,,,,,,,,,,,,,,,,,,,,,,,,,,,,,,,,,,,,,,,,,,,,,,,,,,,,,,,,,,,,,,,,,,,,,,,,,,,,,,,,,,,,,,,,,,,,,,
Port Morris,Bronx,neighborhood,,,,,,,,,,,,,,,,,,,,,,,,,,,,,,,,,,,,,,,,,,,,,,,,,,,,,,,,,,,,,,,,,,,,,,,,,,,,,,,,,,,,,,,,,,,,,,,,,,,,,,,,,,
Prospect Heights,Brooklyn,neighborhood,2988.0,2935.0,2895.0,2150.0,2200.0,2400.0,2575.0,2675.0,,,2700.0,2550.0,,2550.0,2500.0,2525.0,2573.0,2500.0,2400.0,2575.0,2600.0,2550.0,2500.0,2500.0,2550.0,2500.0,2500.0,2525.0,2750.0,2800.0,2723.0,2775.0,2850.0,2600.0,2600.0,2700.0,2950.0,2900.0,2850.0,3000.0,2800.0,2895.0,2848.0,2999.0,2999.0,2800.0,2600.0,2750.0,2795.0,2900.0,2850.0,2850.0,2925.0,2950.0,3200.0,2950.0,3000.0,2795.0,2950.0,2950.0,2975.0,2800.0,2798.0,2977.0,3000.0,3000.0,2900.0,3013.0,3000.0,2850.0,3000.0,3000.0,3000.0,2950.0,2950.0,3050.0,3000.0,2996.0,2950.0,3100.0,3197.0,3173.0,2900.0,2875.0,2995.0,2995.0,2979.0,2995.0,2995.0,2995.0,3000.0,3000.0,3071.0,2900.0,2800.0,3000.0,3100.0,3223.0,3223.0,3099.0,3206.0,3159.0,3200.0,3299.0,3300.0,3206.0
Prospect Lefferts Gardens,Brooklyn,neighborhood,,,,,,,,,,,,,,,,,,,,,,,,,1875.0,,1750.0,1700.0,,,1800.0,1698.0,,,,,,,,1900.0,1850.0,,2150.0,2200.0,2200.0,2000.0,1950.0,2050.0,2250.0,2175.0,2100.0,2100.0,2075.0,2250.0,2100.0,2150.0,2125.0,2125.0,2000.0,1900.0,1900.0,1949.0,1950.0,1950.0,2000.0,2000.0,2000.0,2150.0,2200.0,2198.0,2150.0,2100.0,2100.0,2100.0,2200.0,2200.0,2232.0,2271.0,2300.0,2300.0,2300.0,2292.0,2200.0,2175.0,2225.0,2300.0,2250.0,2200.0,2197.0,2275.0,2300.0,2300.0,2295.0,2200.0,2200.0,2200.0,2138.0,2249.0,2350.0,2395.0,2400.0,2400.0,2500.0,2400.0,2452.0,2397.0
Prospect Park,Brooklyn,submarket,2300.0,2300.0,2300.0,2300.0,2473.0,2500.0,2448.0,2450.0,2600.0,2550.0,2500.0,2550.0,2550.0,2500.0,2500.0,2500.0,2600.0,2600.0,2600.0,2725.0,2825.0,2800.0,2598.0,2725.0,2600.0,2600.0,2600.0,2700.0,2750.0,2800.0,2700.0,2700.0,2825.0,2800.0,2700.0,2777.0,2800.0,2800.0,2750.0,2800.0,2800.0,2895.0,2750.0,2900.0,2850.0,2800.0,2700.0,2800.0,2795.0,2850.0,2800.0,2800.0,2800.0,2800.0,2800.0,2800.0,2850.0,2850.0,2800.0,2800.0,2850.0,2800.0,2891.0,2900.0,2900.0,2900.0,2900.0,2850.0,2850.0,2800.0,2850.0,2800.0,2800.0,2800.0,2800.0,2900.0,2900.0,2900.0,2800.0,2800.0,2800.0,2800.0,2800.0,2800.0,2800.0,2800.0,2700.0,2800.0,2800.0,2835.0,2800.0,2800.0,2800.0,2750.0,2650.0,2600.0,2700.0,2700.0,2763.0,2800.0,2850.0,2900.0,2977.0,2850.0,2900.0,2760.0
Prospect Park South,Brooklyn,neighborhood,,,,,,,,,,,,,,,,,,,,,,,,,,,,,,,,,,,,,,,,,,,,,,,,2000.0,2300.0,,2250.0,2225.0,2225.0,2100.0,2100.0,2100.0,2050.0,2245.0,2400.0,2398.0,2175.0,2100.0,2000.0,2000.0,2100.0,2100.0,2100.0,2250.0,2225.0,2150.0,2150.0,2200.0,2150.0,2100.0,2173.0,2200.0,2195.0,2138.0,2138.0,2225.0,2100.0,2099.0,2100.0,2075.0,2100.0,2058.0,2000.0,2150.0,2198.0,2100.0,2100.0,2200.0,2250.0,2050.0,2000.0,2072.0,2150.0,2100.0,2100.0,2250.0,2150.0,2200.0,2295.0,2195.0,2338.0,2250.0
Queens,Queens,borough,1950.0,2000.0,2000.0,2083.0,1825.0,1800.0,1775.0,1800.0,1898.0,1800.0,1800.0,1675.0,1688.0,1700.0,2000.0,1900.0,1975.0,2100.0,2100.0,2075.0,2450.0,2425.0,2295.0,2200.0,2195.0,2990.0,2990.0,2760.0,2700.0,2658.0,2750.0,2534.0,2450.0,2400.0,2200.0,2200.0,2100.0,2150.0,2198.0,2200.0,2300.0,2400.0,2450.0,2395.0,2400.0,2425.0,2350.0,2200.0,2200.0,2200.0,2200.0,2330.0,2300.0,2300.0,2300.0,2350.0,2300.0,2285.0,2295.0,2250.0,2250.0,2300.0,2250.0,2300.0,2300.0,2300.0,2300.0,2313.0,2300.0,2300.0,2300.0,2300.0,2300.0,2300.0,2350.0,2350.0,2370.0,2390.0,2395.0,2400.0,2385.0,2300.0,2300.0,2300.0,2300.0,2300.0,2300.0,2300.0,2300.0,2325.0,2325.0,2375.0,2350.0,2300.0,2300.0,2295.0,2300.0,2250.0,2295.0,2299.0,2300.0,2300.0,2300.0,2300.0,2300.0,2300.0
Queens Village,Queens,neighborhood,,,,,,,,,,,,,,,,,,,,,,,,,,,,,,,,,,,,,,,,,,,,,,,,,,,,,,,,,,,,,,,,,,,,,,,,,,,,,,,,,,,,,,,,,,,,,,,,,,,,,,,,,,
Queensboro Hill,Queens,neighborhood,,,,,,,,,,,,,,,,,,,,,,,,,,,,,,,,,,,,,,,,,,,,,,,,,,,,,,,,,,,,,,,,,,,,,,,,,,,,,,,,,,,,,,,,,,,,,,,,,,,,,,,,,,
Red Hook,Brooklyn,neighborhood,,,,,,,,,,,,,,,,,,,,,,,,,,,,,,,,,,,,,,2100.0,,,,,,,,,,,,,,,3000.0,3000.0,3000.0,3000.0,2800.0,2700.0,2875.0,2850.0,2800.0,2300.0,2600.0,2600.0,2300.0,2400.0,2300.0,2000.0,2200.0,2500.0,2350.0,2465.0,2465.0,2599.0,2725.0,2825.0,2800.0,2500.0,2750.0,3500.0,2925.0,2700.0,2700.0,2450.0,2800.0,2850.0,3000.0,2742.0,2683.0,2800.0,2800.0,2900.0,2850.0,2750.0,2598.0,2800.0,2499.0,2499.0,2725.0,2838.0,2900.0,2850.0,2575.0,2600.0,2700.0,2500.0
Rego Park,Queens,neighborhood,,,,,,,,,,,,,,,,,1913.0,1923.0,,,,,,1900.0,2025.0,2100.0,,,,,,,,,,,,2195.0,,,,,,,,2475.0,2331.0,2095.0,2150.0,2345.0,2248.0,2050.0,2100.0,2100.0,2125.0,2125.0,2100.0,2195.0,2232.0,2100.0,2050.0,2150.0,2200.0,2300.0,2275.0,2298.0,2200.0,2200.0,2375.0,2273.0,2225.0,2338.0,2375.0,2300.0,2300.0,2300.0,2300.0,2375.0,2350.0,2500.0,2375.0,2399.0,2400.0,2688.0,2500.0,2525.0,2650.0,2575.0,2500.0,2500.0,2595.0,2768.0,2800.0,2537.0,2375.0,2353.0,2350.0,2398.0,2350.0,2350.0,2300.0,2300.0,2350.0,2393.0,2410.0,2470.0
Richmond Hill,Queens,neighborhood,,,,,,,,,,,,,,,,,,,,,,,,,,,,,,,,,,,,,,,,,,,,,,,,,,,,,,,,,,,,,,,,,,,,,,,,,,,,,,,,,,,,,,,,,,,,,,,,,,,,,,,,,,
Ridgewood,Queens,neighborhood,,,,,,,,,,,,,,,,,,,,,,,,,,2990.0,2990.0,2915.0,,2613.0,2567.0,2613.0,,2392.0,2392.0,2399.0,2450.0,2384.0,2292.0,2292.0,2292.0,,,1950.0,1950.0,1950.0,1999.0,1750.0,1825.0,1700.0,1900.0,1798.0,1975.0,1925.0,2000.0,2195.0,1800.0,1825.0,1925.0,1975.0,1970.0,1970.0,1900.0,1800.0,1900.0,1900.0,2000.0,2000.0,2000.0,1950.0,1999.0,2000.0,2000.0,2000.0,2000.0,2000.0,2100.0,2100.0,2050.0,2100.0,2150.0,2050.0,2100.0,2100.0,2100.0,2100.0,2150.0,2150.0,2100.0,2090.0,2100.0,2199.0,2100.0,2083.0,2085.0,2100.0,2099.0,2050.0,2100.0,2000.0,2100.0,2275.0,2200.0,2250.0,2200.0,2195.0
Riverdale,Bronx,neighborhood,2300.0,2300.0,2200.0,2200.0,2100.0,2450.0,2500.0,2750.0,2250.0,2000.0,2100.0,2195.0,2195.0,2198.0,2198.0,2195.0,2198.0,2248.0,2185.0,2200.0,2188.0,2163.0,2125.0,2098.0,2100.0,2190.0,2100.0,2138.0,2050.0,2180.0,2175.0,2100.0,2125.0,2100.0,2300.0,2200.0,2150.0,2150.0,2108.0,2200.0,2248.0,2100.0,2200.0,2200.0,2250.0,2000.0,2006.0,2006.0,2200.0,2200.0,2200.0,2200.0,2200.0,2200.0,2175.0,2108.0,2108.0,2125.0,2100.0,2100.0,2100.0,2200.0,2200.0,2175.0,2200.0,2300.0,2450.0,2600.0,2300.0,2300.0,2300.0,2300.0,2300.0,2350.0,2325.0,2400.0,2350.0,2313.0,2425.0,2425.0,2495.0,2500.0,2450.0,2300.0,2200.0,2300.0,2324.0,2400.0,2375.0,2400.0,2600.0,2498.0,2388.0,2388.0,2595.0,2350.0,2550.0,2525.0,2550.0,2550.0,2495.0,2400.0,2350.0,2450.0,2392.0,2300.0
Rockaway All,Queens,neighborhood,,,,,,,,,,,,,,,,,,,,,,,,,,,,,,,,,,,,,,,,,,,,1282.0,1282.0,1282.0,1282.0,1282.0,1282.0,1282.0,,1341.0,1400.0,1465.0,,,,,,,,,,,1733.0,1708.0,1670.0,1700.0,1708.0,,,,,,,,,2075.0,2000.0,2000.0,2050.0,2025.0,2025.0,1963.0,1850.0,1850.0,1800.0,,,1897.0,1850.0,1749.0,1850.0,1775.0,,,,2200.0,2446.0,2305.0,2325.0,2223.0,1950.0,1925.0,2010.0,2100.0
Roosevelt Island,Manhattan,neighborhood,,,2961.0,2959.0,3150.0,3462.0,3277.0,3289.0,3239.0,3300.0,3250.0,3150.0,3145.0,3145.0,3231.0,3400.0,3500.0,3425.0,,3100.0,3200.0,3458.0,3500.0,3500.0,,,,3550.0,3450.0,3300.0,3500.0,,,,3550.0,3500.0,3425.0,,,3935.0,3895.0,3873.0,3750.0,3755.0,,,,,,4028.0,4450.0,3695.0,3950.0,4075.0,4100.0,4200.0,3695.0,3695.0,3745.0,3745.0,3695.0,3560.0,3495.0,,4098.0,4225.0,4385.0,4395.0,4375.0,3836.0,4021.0,3666.0,3558.0,4095.0,4123.0,4095.0,4095.0,4376.0,4315.0,4100.0,4100.0,3775.0,3600.0,3798.0,4037.0,4192.0,4069.0,3995.0,4300.0,4350.0,4400.0,4173.0,,3625.0,3425.0,,3428.0,4060.0,4015.0,4085.0,4498.0,4495.0,4569.0,4445.0,3798.0,3773.0
Rosedale,Queens,neighborhood,,,,,,,,,,,,,,,,,,,,,,,,,,,,,,,,,,,,,,,,,,,,,,,,,,,,,,,,,,,,,,,,,,,,,,,,,,,,,,,,,,,,,,,,,,,,,,,,,,,,,,,,,,
Schuylerville,Bronx,neighborhood,,,,,,,,,,,,,,,,,,,,,,,,,,,,,,,,,,,,,,,,,,,,,,,,,,,,,,,,,,,,,,,,,,,,,,,,,,,,,,,,,,,,,,,,,,,,,,,,,,,,,,,,,,
Seagate,Brooklyn,neighborhood,,,,,,,,,,,,,,,,,,,,,,,,,,,,,,,,,,,,,,,,,,,,,,,,,,,,,,,,,,,,,,,,,,,,,,,,,,,,,,,,,,,,,,,,,,,,,,,,,,,,,,,,,,
Sheepshead Bay,Brooklyn,neighborhood,,,,,,,,,,,,2400.0,2400.0,2500.0,1975.0,1800.0,1750.0,1750.0,1800.0,,1600.0,1600.0,,,,1600.0,,1638.0,1600.0,1688.0,1900.0,1825.0,,1700.0,,,,,1759.0,1600.0,1600.0,1750.0,1600.0,1950.0,1912.0,1888.0,1700.0,1700.0,1700.0,1850.0,1800.0,1800.0,1825.0,1750.0,1750.0,1813.0,1825.0,1800.0,1700.0,1700.0,1725.0,1938.0,1895.0,1895.0,1895.0,1950.0,2098.0,1975.0,2000.0,1999.0,2000.0,1938.0,1950.0,2075.0,2038.0,2075.0,2085.0,1975.0,1950.0,1925.0,2050.0,2095.0,2100.0,2100.0,2000.0,2100.0,2100.0,2150.0,2100.0,2100.0,2150.0,2200.0,2100.0,2000.0,2200.0,2200.0,2100.0,2000.0,2000.0,2000.0,1950.0,2050.0,2100.0,2100.0,2125.0,2000.0
Soho,Manhattan,neighborhood,6900.0,6950.0,7000.0,6500.0,6500.0,5350.0,4750.0,7500.0,8000.0,8125.0,8400.0,8400.0,8400.0,8500.0,8250.0,8250.0,8700.0,6950.0,4400.0,3454.0,8450.0,8950.0,9000.0,9975.0,8650.0,8900.0,8500.0,8500.0,6000.0,4498.0,4625.0,7450.0,7425.0,8848.0,9950.0,9000.0,8498.0,5200.0,5500.0,5600.0,5100.0,5900.0,4623.0,4500.0,4445.0,6850.0,8000.0,8000.0,8000.0,7245.0,7825.0,6125.0,7000.0,4750.0,4000.0,4225.0,4850.0,6975.0,8000.0,5600.0,7250.0,7995.0,8425.0,8100.0,7500.0,5400.0,4750.0,7875.0,9000.0,9000.0,9000.0,8995.0,8750.0,8500.0,8500.0,7048.0,6975.0,7050.0,6948.0,7948.0,7795.0,7995.0,7795.0,7646.0,7350.0,8175.0,7000.0,7450.0,7000.0,7250.0,7000.0,6300.0,6800.0,7995.0,8000.0,8250.0,8495.0,8500.0,8300.0,7995.0,7748.0,4900.0,6800.0,6500.0,7250.0,7800.0
Soundview,Bronx,neighborhood,,,,,,,,,,,,,,,,,,,,,,,,,,,,,,,,,,,,,,,,,,,,,,,,,,,,,,,,,,,,,,,,,,,,,,,,1895.0,1850.0,,,,,,,,,,,,,,,,,,,,,,,,,,,,,,,,,
South Brooklyn,Brooklyn,submarket,1650.0,1600.0,1600.0,1595.0,1700.0,1700.0,1600.0,1595.0,1650.0,1600.0,1625.0,1700.0,1775.0,1650.0,1700.0,1800.0,1650.0,1700.0,1700.0,1600.0,1650.0,1675.0,1600.0,1600.0,1600.0,1600.0,1700.0,1700.0,1700.0,1850.0,1900.0,1900.0,1900.0,1800.0,1750.0,1800.0,1750.0,1750.0,1800.0,1775.0,1850.0,1850.0,1825.0,1900.0,1950.0,1950.0,1900.0,1845.0,1850.0,1850.0,1895.0,1850.0,1920.0,1900.0,1950.0,1900.0,1900.0,1900.0,1900.0,1895.0,1890.0,1900.0,1900.0,2000.0,2000.0,2000.0,2095.0,2000.0,2075.0,2000.0,2000.0,2000.0,2000.0,2000.0,2000.0,2000.0,2000.0,2095.0,2050.0,2099.0,2030.0,2010.0,2025.0,2025.0,2000.0,2050.0,2000.0,2059.0,2050.0,2100.0,2150.0,2100.0,2100.0,2100.0,2063.0,2095.0,2100.0,2100.0,2100.0,2100.0,2100.0,2150.0,2200.0,2200.0,2190.0,2150.0
South Jamaica,Queens,neighborhood,,,,,,,,,,,,,,,,,,,,,,,,,,,,,,,,,,,,,,,,,,,,,,,,,,,,,,,,,,,,,,,,,,,,,,,,,,,,,,,,,,,,,,,,,,,,,,,,,,,,,,,,,,
South Ozone Park,Queens,neighborhood,,,,,,,,,,,,,,,,,,,,,,,,,,,,,,,,,,,,,,,,,,,,,,,,,,,,,,,,,,,,,,,,,,,,,,,,,,,,,,,,,,,,,,,,,,,,,,,,,,,,,,,,,,
South Queens,Queens,submarket,,,,,,,,,,,,,,,,1525.0,1463.0,,,,,,,,,,,,,,,,,,,,,,,,,,,,,,1600.0,1895.0,,,1700.0,1850.0,1700.0,,,,1900.0,1850.0,1895.0,1800.0,1750.0,1675.0,1700.0,1938.0,1975.0,1700.0,1700.0,1700.0,1775.0,1800.0,1900.0,1800.0,1800.0,1850.0,1875.0,1950.0,1925.0,1948.0,1948.0,2125.0,2100.0,2100.0,2200.0,2206.0,2238.0,2048.0,2200.0,2000.0,1950.0,2075.0,2150.0,1900.0,1925.0,2000.0,1900.0,2100.0,1900.0,1995.0,1995.0,1900.0,2000.0,2098.0,2000.0,2348.0,2300.0,2100.0
South Richmond Hill,Queens,neighborhood,,,,,,,,,,,,,,,,,,,,,,,,,,,,,,,,,,,,,,,,,,,,,,,,,,,,,,,,,,,,,,,,,,,,,,,,,,,,,,,,,,,,,,,,,,,,,,,,,,,,,,,,,,
Springfield Gardens,Queens,neighborhood,,,,,,,,,,,,,,,,,,,,,,,,,,,,,,,,,,,,,,,,,,,,,,,,,,,,,,,,,,,,,,,,,,,,,,,,,,,,,,,,,,,,,,,,,,,,,,,,,,,,,,,,,,
St. Albans,Queens,neighborhood,,,,,,,,,,,,,,,,,,,,,,,,,,,,,,,,,,,,,,,,,,,,,,,,,,,,,,,,,,,,,,,,,,,,,,,,,,,,,,,,,,,,,,,,,,,,,,,,,,,,,,,,,,
Staten Island,Staten Island,borough,,,,,,,,,,,,,,,,,,,,,,,,,,,,,,,,,,,,,,,,,,1325.0,,,,1325.0,1325.0,1375.0,1350.0,1475.0,1800.0,1605.0,1500.0,1500.0,1500.0,1695.0,1650.0,1700.0,1725.0,1448.0,1500.0,1500.0,1500.0,1500.0,1500.0,1575.0,1650.0,1700.0,1650.0,1675.0,1750.0,1875.0,1800.0,1800.0,1725.0,1803.0,1750.0,1700.0,1828.0,1950.0,1750.0,1825.0,1850.0,1850.0,1950.0,1850.0,1800.0,1725.0,1900.0,1950.0,1900.0,1900.0,1950.0,2025.0,2100.0,2100.0,1975.0,1863.0,1900.0,1825.0,1900.0,1875.0,2100.0,2150.0,2250.0,2000.0
Stuyvesant Town/PCV,Manhattan,neighborhood,,,,,,,,,,,,,,,,,,,,,,,,4641.0,,,4403.0,4135.0,,,,4661.0,4375.0,4328.0,4238.0,4050.0,4300.0,4492.0,,,,,,,,4543.0,4543.0,4074.0,,4670.0,4670.0,4745.0,4630.0,4515.0,3874.0,3887.0,4014.0,3832.0,3699.0,3799.0,3994.0,,4676.0,4385.0,4437.0,4353.0,4429.0,4339.0,4430.0,4479.0,4452.0,4466.0,4828.0,4970.0,4911.0,4911.0,4994.0,5101.0,4958.0,5225.0,4930.0,4977.0,5057.0,4925.0,4979.0,4784.0,4759.0,4857.0,4941.0,4504.0,4933.0,4910.0,4812.0,4756.0,4745.0,4835.0,4845.0,4325.0,4565.0,4472.0,3837.0,3743.0,3840.0,3745.0,3677.0,3867.0
Sunnyside,Queens,neighborhood,1980.0,1940.0,1800.0,1800.0,1650.0,1623.0,1650.0,1650.0,1600.0,1700.0,1785.0,1770.0,1770.0,,,1725.0,1773.0,1750.0,1950.0,1900.0,,,,,,,,,,1850.0,,,,,,,,1963.0,1975.0,1963.0,2000.0,2050.0,2100.0,2000.0,2100.0,2100.0,2150.0,2075.0,2150.0,2150.0,2150.0,2300.0,2300.0,2350.0,2300.0,2225.0,2300.0,2300.0,2195.0,2173.0,2300.0,2350.0,2100.0,2250.0,2350.0,2250.0,2295.0,2400.0,2365.0,2400.0,2450.0,2400.0,2365.0,2450.0,2358.0,2300.0,2400.0,2400.0,2398.0,2400.0,2500.0,2383.0,2300.0,2298.0,2300.0,2350.0,2300.0,2300.0,2300.0,2395.0,2388.0,2300.0,2350.0,2300.0,2150.0,2225.0,2200.0,2195.0,2200.0,2200.0,2200.0,2200.0,2125.0,2200.0,2300.0,2325.0
Sunset Park,Brooklyn,neighborhood,1550.0,1550.0,1575.0,1500.0,1550.0,,,,,,,,,,1813.0,,,,,,,,,,,,,,,1650.0,,,,,1750.0,,,1700.0,1750.0,1900.0,1850.0,1900.0,1900.0,1900.0,1900.0,1863.0,1795.0,1795.0,1750.0,1750.0,1850.0,1850.0,1900.0,2013.0,1950.0,1875.0,1900.0,1950.0,1995.0,2000.0,2000.0,2000.0,2000.0,2000.0,2000.0,2000.0,2000.0,1900.0,1850.0,1900.0,1998.0,2000.0,1995.0,1900.0,1950.0,2000.0,2000.0,2000.0,1985.0,2000.0,2000.0,2000.0,2000.0,1960.0,1960.0,1960.0,1960.0,1992.0,2013.0,2100.0,2150.0,2013.0,2000.0,1950.0,1950.0,1995.0,1999.0,1999.0,2000.0,2000.0,2154.0,2200.0,2200.0,2000.0,1997.0,2000.0
The Rockaways,Queens,submarket,,,,,,,,,,,,,,,,,,,,,,,,,,,,,,,,,,,,,,,,,,,,1282.0,1282.0,1282.0,1282.0,1282.0,1282.0,1282.0,,1341.0,1400.0,1465.0,,,,,,,,,,,1733.0,1708.0,1670.0,1700.0,1708.0,,,,,,,,,2075.0,2000.0,2000.0,2050.0,2025.0,2025.0,1963.0,1850.0,1850.0,1800.0,,,1897.0,1850.0,1749.0,1850.0,1775.0,,,,2200.0,2446.0,2305.0,2325.0,2223.0,1950.0,1925.0,2010.0,2100.0
Throgs Neck,Bronx,neighborhood,,,,,,,,,,,,,,,,,,,,,,,,,,,,,,,,,,,,,,,,,,,,,,,,,,,,,,,,,,,,,,,,,,,,,,,,,,,,,,,,,,,,,,,,,,,,,,,,,,,,,,,,,,
Tremont,Bronx,neighborhood,,,,,,,,,,,,,,,,,,,,,,,,,,,,,,,,,,,,,,,,,,,,,,,,,,,,,,,,,,,,,,,,1912.0,,,1762.0,1762.0,,,,,1725.0,1700.0,,,,,,1650.0,,,,,,,,,,,1800.0,,1775.0,1775.0,1700.0,,1700.0,1825.0,1850.0,,,,,,,1800.0
Tribeca,Manhattan,neighborhood,8000.0,7850.0,7500.0,8125.0,8000.0,8500.0,8000.0,7950.0,7750.0,7750.0,7825.0,7000.0,8495.0,8200.0,7548.0,7195.0,6995.0,6673.0,6595.0,6500.0,7848.0,7000.0,7798.0,7650.0,8325.0,8748.0,7498.0,8300.0,9375.0,9000.0,9000.0,8000.0,7950.0,8000.0,8500.0,8500.0,8000.0,7448.0,7295.0,7500.0,8000.0,8500.0,8225.0,7950.0,7000.0,6995.0,7000.0,7425.0,7500.0,7395.0,7350.0,7000.0,7300.0,7275.0,7800.0,7595.0,7765.0,8500.0,8598.0,8195.0,7500.0,8500.0,8500.0,7800.0,8145.0,7800.0,7695.0,8225.0,8200.0,7573.0,7565.0,7500.0,7830.0,7995.0,7600.0,8600.0,9000.0,9000.0,8750.0,8500.0,8000.0,8556.0,8000.0,8200.0,8800.0,9000.0,8800.0,8550.0,7948.0,7775.0,8400.0,6500.0,6300.0,6135.0,6100.0,6900.0,7000.0,7583.0,7900.0,8290.0,7850.0,7598.0,7773.0,8000.0,7825.0,7950.0
University Heights,Bronx,neighborhood,,,,,,,,,,,,,,,,,,,,,,,,,,,,,,,,,,,,,,,,,,,,,,,,,,,,,,,,,1550.0,1550.0,,,,,1550.0,1599.0,1595.0,1550.0,1595.0,,,,,,,,,,,,,,,,,,,,,,,,,,,,,,,,,,,,,,,1750.0
Upper East Side,Manhattan,neighborhood,3500.0,3650.0,3800.0,3950.0,3965.0,3900.0,3800.0,3700.0,3795.0,3795.0,3950.0,3950.0,3900.0,3888.0,3798.0,3987.0,3895.0,3983.0,3900.0,3850.0,4000.0,3995.0,3993.0,4000.0,4000.0,3995.0,3900.0,3865.0,3750.0,3795.0,3895.0,3700.0,3950.0,3950.0,4095.0,3995.0,4198.0,4100.0,3875.0,3798.0,3600.0,3500.0,3395.0,3500.0,3700.0,3595.0,3875.0,3725.0,3695.0,3925.0,3615.0,3600.0,3550.0,3563.0,3525.0,3300.0,3263.0,3500.0,3750.0,3995.0,4138.0,4000.0,4100.0,3898.0,3700.0,3650.0,3600.0,3695.0,3895.0,3850.0,3600.0,3900.0,3935.0,4200.0,4125.0,3995.0,3750.0,3700.0,3700.0,3500.0,3738.0,3600.0,3700.0,3850.0,3895.0,3995.0,3698.0,3525.0,3595.0,3600.0,3595.0,3742.0,4200.0,3895.0,4200.0,4450.0,4200.0,4195.0,3950.0,3500.0,3500.0,3444.0,3500.0,3500.0,3598.0,3500.0
Upper West Side,Manhattan,neighborhood,4200.0,4100.0,4100.0,4498.0,4500.0,4500.0,3995.0,4000.0,4250.0,4300.0,4250.0,4400.0,4300.0,4500.0,4500.0,4500.0,4750.0,4650.0,4500.0,4600.0,4798.0,4750.0,4950.0,4950.0,4875.0,4750.0,4570.0,4800.0,4800.0,4595.0,4600.0,4750.0,4900.0,4900.0,4925.0,4950.0,4950.0,5000.0,4950.0,4695.0,4695.0,4500.0,4495.0,4438.0,4650.0,4805.0,4700.0,4715.0,4608.0,4600.0,4500.0,4800.0,4995.0,4700.0,4295.0,4350.0,4500.0,4450.0,4450.0,4350.0,4590.0,4575.0,4525.0,4523.0,4500.0,4375.0,4300.0,4463.0,4785.0,4892.0,4998.0,5000.0,4995.0,4995.0,4800.0,4950.0,4878.0,4500.0,4503.0,4552.0,4528.0,4500.0,4615.0,4650.0,4625.0,4700.0,4500.0,4500.0,4500.0,4495.0,4250.0,4217.0,4450.0,4497.0,4500.0,4650.0,4781.0,4891.0,4500.0,4500.0,4500.0,4500.0,4400.0,4500.0,4577.0,4799.0
Utopia,Queens,neighborhood,,,,,,,,,,,,,,,,,,,,,,,,,,,,,,,,,,,,,,,,,,,,,,,,,,,,,,,,,,,,,,,,,,,,,,,,,,,,,,,,,,,,,,,,,,,,,,,,,,,,,,,,,,
Van Nest,Bronx,neighborhood,,,,,,,,,,,,,,,,,,,,,,,,,,,,,,,,,,,,,,,,,,,,,,,,,,,,,,,,,,,,,,,,,,,,,,,,,,,,,,,,,,,,,,,,,,,,,,,,,,,,,,,,,,
Wakefield,Bronx,neighborhood,,,,,,,,,,,,,,,,,,,,,,,,,,,,,,,,,,,,,,,,,,,,,,,,,,,,,,,,,,,,,,,,,,,,,,,,,,,,,,,,,,,,,,,,,,,,,,,,,,,,,,,,,,
Washington Heights,Manhattan,neighborhood,1585.0,1597.0,1675.0,1700.0,1798.0,1750.0,1858.0,1869.0,1858.0,1847.0,1850.0,1847.0,1819.0,1790.0,1700.0,1750.0,1795.0,1847.0,1850.0,1850.0,1798.0,1824.0,1850.0,2000.0,2000.0,1850.0,1900.0,1850.0,1900.0,1850.0,1850.0,1850.0,1900.0,1950.0,1925.0,1990.0,1895.0,1900.0,1850.0,1850.0,1847.0,1850.0,1800.0,1850.0,1990.0,1850.0,1850.0,1900.0,1895.0,1859.0,1875.0,1850.0,1850.0,1900.0,1950.0,2100.0,2100.0,2000.0,2000.0,2000.0,2000.0,1995.0,2000.0,2008.0,2095.0,2100.0,2250.0,2250.0,2200.0,2197.0,2125.0,2150.0,2195.0,2200.0,2200.0,2250.0,2195.0,2195.0,2197.0,2200.0,2200.0,2300.0,2200.0,2200.0,2200.0,2200.0,2200.0,2250.0,2250.0,2300.0,2300.0,2294.0,2291.0,2291.0,2283.0,2222.0,2200.0,2200.0,2250.0,2275.0,2295.0,2295.0,2300.0,2300.0,2300.0,2295.0
West Harlem,Manhattan,neighborhood,,,,,,,,,,,,,,,2600.0,2550.0,2550.0,2575.0,2600.0,2600.0,,,,,1750.0,,,,,1900.0,1900.0,,,,1900.0,1900.0,1900.0,1948.0,2048.0,1950.0,1998.0,1950.0,1950.0,1950.0,2048.0,2098.0,2000.0,2000.0,2100.0,2000.0,2100.0,2000.0,1863.0,2095.0,2100.0,2100.0,2350.0,2250.0,2108.0,2200.0,2200.0,2100.0,2098.0,2100.0,2195.0,2100.0,2200.0,2300.0,2300.0,2475.0,2350.0,2300.0,2300.0,2300.0,2300.0,2275.0,2300.0,2275.0,2400.0,2400.0,2350.0,2873.0,2291.0,2291.0,2200.0,2413.0,2488.0,2388.0,2450.0,2450.0,2425.0,2175.0,2250.0,2256.0,2256.0,2442.0,2500.0,2600.0,2400.0,2550.0,2500.0,2550.0,2500.0,2500.0,2383.0,2300.0
West Village,Manhattan,neighborhood,4500.0,4850.0,4800.0,4900.0,4500.0,4295.0,4250.0,4098.0,4000.0,4298.0,4500.0,4398.0,4500.0,5350.0,4273.0,4100.0,4175.0,4273.0,3825.0,3850.0,4250.0,4250.0,4195.0,4295.0,4250.0,3973.0,4225.0,4295.0,4195.0,4450.0,4525.0,4350.0,4000.0,4000.0,4000.0,4075.0,4200.0,4250.0,4100.0,4498.0,4495.0,4795.0,4500.0,4595.0,4495.0,4498.0,4325.0,4400.0,4500.0,4598.0,4500.0,4600.0,4498.0,4350.0,4250.0,4200.0,4295.0,4300.0,4250.0,4113.0,4200.0,4400.0,4500.0,4500.0,4875.0,4900.0,4500.0,4350.0,4600.0,4748.0,5475.0,4900.0,4950.0,4800.0,4595.0,4650.0,4500.0,4550.0,4798.0,4500.0,4700.0,4500.0,4395.0,4775.0,5200.0,5100.0,4900.0,4699.0,4525.0,4395.0,4350.0,4350.0,4500.0,4498.0,4300.0,4500.0,4475.0,4576.0,4556.0,4600.0,4550.0,4595.0,4400.0,4495.0,4625.0,4744.0
Westchester Village,Bronx,neighborhood,,,,,,,,,,,,,,,,,,,,,,,,,,,,,,,,,,,,,,,,,,,,,,,,,,,,,,,,,,,,,,,,,,,,,,,,,,,,,,,,,,,,,,,,,,,,,,,,,,,,,,,,,,
Whitestone,Queens,neighborhood,,,,,,,,,,,,,,,,,,,,,,,,,,,,,,,,,,,,,,,,,,,,,,,,,,,,,,,,,,,,,,,,,,,,,,,,,,,,,,,,,,,,,,,,,,,,,,,,,,,,,,,2050.0,,,
Williamsbridge,Bronx,neighborhood,,,,,,,,,,,,,,,,,,,,,,,,,,,,,,,,,,,,,,,,,,,,,,,,,,,,,,,,,,,,,,,,,,,,,,,,,,,,,,,,,,,,,,,,,,,,,,,,,,,,,,,,,,
Williamsburg,Brooklyn,neighborhood,2725.0,2775.0,2800.0,3000.0,3000.0,3214.0,3100.0,3275.0,3300.0,3412.0,3300.0,2700.0,2954.0,3392.0,3000.0,3400.0,3400.0,3400.0,3050.0,3470.0,3450.0,3500.0,3587.0,3750.0,3586.0,3462.0,3600.0,3700.0,3600.0,3550.0,3300.0,3500.0,3950.0,3900.0,3900.0,3900.0,3750.0,3897.0,3481.0,3100.0,3400.0,3400.0,3400.0,3400.0,3500.0,3400.0,3500.0,3845.0,3850.0,3740.0,3445.0,3400.0,3399.0,3500.0,3300.0,3230.0,3200.0,3200.0,3200.0,3300.0,3483.0,3500.0,3400.0,3395.0,3225.0,3300.0,3395.0,3250.0,3300.0,3400.0,3400.0,3500.0,3505.0,3300.0,3250.0,3200.0,3200.0,3195.0,3100.0,3192.0,3200.0,3250.0,3295.0,3230.0,3200.0,3100.0,3200.0,3200.0,3195.0,3163.0,3100.0,3095.0,3067.0,3000.0,2900.0,2895.0,2963.0,2908.0,2995.0,3000.0,3000.0,3000.0,2995.0,3000.0,3000.0,3025.0
Windsor Terrace,Brooklyn,neighborhood,,,,,,,,,,2400.0,2400.0,,2300.0,2400.0,2425.0,2425.0,2250.0,,,,,,,2488.0,2488.0,2400.0,2500.0,2600.0,,,2550.0,2850.0,,2350.0,2350.0,2400.0,2575.0,2600.0,,,,2675.0,2300.0,2500.0,2700.0,2500.0,2500.0,2500.0,2550.0,2600.0,2600.0,2600.0,2700.0,2700.0,2540.0,2578.0,2675.0,2500.0,2590.0,2900.0,2900.0,2748.0,2723.0,2863.0,2875.0,3000.0,3131.0,2800.0,2800.0,2800.0,2850.0,2700.0,2700.0,2695.0,2673.0,2650.0,2800.0,2800.0,2750.0,2750.0,2800.0,2800.0,2800.0,2900.0,2800.0,2850.0,2650.0,2800.0,2875.0,2800.0,2750.0,2599.0,2599.0,2663.0,2600.0,2695.0,2700.0,2600.0,2650.0,2700.0,2800.0,2695.0,2800.0,2825.0,2900.0,2900.0
Woodhaven,Queens,neighborhood,,,,,,,,,,,,,,,,,,,,,,,,,,,,,,,,,,,,,,,,,,,,,,,,,,,,,,,,,,,,,,,,1975.0,1975.0,,,,,,,,,,,,,,,,,,,,,,1960.0,2000.0,,,,,,,,,,,,,,,,,,
Woodlawn,Bronx,neighborhood,,,,,,,,,,,,,,,,,,,,,,,,,,,,,,,,,,,,,,,,,,,,,,,,,,,,,,,,,,,,,,,,,,,,,,,,,,,,,,,,,,,,,,,,,,,,,,,,,,,,,,,,,,
Woodside,Queens,neighborhood,,,,2100.0,,,,,,,,,,,,,,,,,,,,,,,,,,,,,,,,,,,,,,,,,,,,1795.0,1750.0,,1948.0,2000.0,,1950.0,,,,2100.0,2050.0,2100.0,2100.0,2356.0,2200.0,1950.0,2200.0,2150.0,2100.0,2100.0,2000.0,2000.0,2000.0,1995.0,2123.0,2150.0,2100.0,,,2425.0,2350.0,2175.0,2000.0,2050.0,2195.0,2200.0,2200.0,2075.0,2100.0,2150.0,2200.0,2200.0,2200.0,2250.0,2200.0,2100.0,2050.0,2100.0,2100.0,2090.0,2100.0,2050.0,2100.0,2150.0,2300.0,2250.0,2200.0,2200.0
Woodstock,Bronx,neighborhood,,,,,,,,,,,,,,,,,,,,,,,,,,,,,,,,,,,,,,,,,,,,,,,,,,,,,,,,,,,,,,,,,,,,,,,,,,,,,,,,,,,,,,,,,,,,,,,,,,,,,,,,1787.0,,
